AA,CAT,CS,FS,CA,DR,UM,ID,LAT,LON,NIC,NUCR/ NACV,FL,AC,M,Q,GNSS,HAE,VSRC,VR,VRF,HAB,TT,HDG,AST,IAS,TAS,GS,MACH,MCP,RA,TR,FMS,QNH,FCU,PA,PS,ACAS,ALRT,SPI,GR,IC,SSC,IFR,TS,RI,CC,SL,ADSB,BDS40,BDS50,BDS60,BDS65,FMT30,BDS61,WDIR,WSPD,TEMP,AGE_0,AGE_4,AGE_5,AGE_11,AGE_16,AGE_17_0e,AGE_17_0o,AGE_17_1,AGE_17_5e,AGE_17_5o,AGE_17_19,AGE_17_28,AGE_17_30,AGE_17_31,AGE_20_20,AGE_20_40,AGE_20_50,AGE_20_60,AGE_21_20,AGE_21_40,AGE_21_50,AGE_21_60,TIMESTAMP,TIMEOUT,STATION ID
52A73A,,N/A,,,,,,,,,,,,,,,,,,,,,,0,,,,,,,,,,,,,0,,,,,,,,0,,,,,0,0,0,0,0,0,,,,651249,651475,,57080,,651426,651312,651368,,,651265,,,,,,651475,,,,,,1435029196,60,T-WARR5
52A73A,,N/A,,,,,,,,,,,,,,,,,,,,,,0,,,,,,,,,,,,,0,,,,,,,,0,,,,,0,0,0,0,0,0,,,,651250,651476,,57081,,651427,651313,651369,,,651266,,,,,,651476,,,,,,1435029196,58,T-WARR5
52A73A,,N/A,,,,,,,,,,,,,,,,,,,,,,0,,,,,,,,,,,,,0,,,,,,,,0,,,,,0,0,0,0,0,0,,,,651251,651477,,57082,,651428,651314,651370,,,651267,,,,,,651477,,,,,,1435029196,58,T-WARR5
52A73A,,N/A,,,,,,,,,,,,,,,,,,,,,,0,,,,,,,,,,,,,0,,,,,,,,0,,,,,0,0,0,0,0,0,,,,651252,651478,,57083,,651429,651315,651371,,,651268,,,,,,651478,,,,,,1435029196,56,T-WARR5
52A73A,,N/A,,,,,,,,,,,,,,,,,,,,,,0,,,,,,,,,,,,,0,,,,,,,,0,,,,,0,0,0,0,0,0,,,,651253,651479,,57084,,651430,651316,651372,,,651269,,,,,,651479,,,,,,1435029196,56,T-WARR5
52A73A,,N/A,,,,,,,,,,,,,,,,,,,,,,0,,,,,,,,,,,,,0,,,,,,,,0,,,,,0,0,0,0,0,0,,,,651254,651480,,57085,,651431,651317,651373,,,651270,,,,,,651480,,,,,,1435029196,54,T-WARR5
52A73A,,N/A,,,,,,,,,,,,,,,,,,,,,,0,,,,,,,,,,,,,0,,,,,,,,0,,,,,0,0,0,0,0,0,,,,651255,651481,,57086,,651432,651318,651374,,,651271,,,,,,651481,,,,,,1435029196,54,T-WARR5
52A73A,,N/A,,,,,,,,,,,,,,,,,,,,,,0,,,,,,,,,,,,,0,,,,,,,,0,,,,,0,0,0,0,0,0,,,,651256,651482,,57087,,651433,651319,651375,,,651272,,,,,,651482,,,,,,1435029196,52,T-WARR5
52A73A,,N/A,,,,,,,,,,,,,,,,,,,,,,0,,,,,,,,,,,,,0,,,,,,,,0,,,,,0,0,0,0,0,0,,,,651257,651483,,57088,,651434,651320,651376,,,651273,,,,,,651483,,,,,,1435029196,52,T-WARR5
52A73A,,N/A,,,,,,,,,,,,,,,,,,,,,,0,,,,,,,,,,,,,0,,,,,,,,0,,,,,0,0,0,0,0,0,,,,651258,651484,,57089,,651435,651321,651377,,,651274,,,,,,651484,,,,,,1435029196,50,T-WARR5
52A73A,,N/A,,,,,,,,,,,,,,,,,,,,,,0,,,,,,,,,,,,,0,,,,,,,,0,,,,,0,0,0,0,0,0,,,,651259,651485,,57090,,651436,651322,651378,,,651275,,,,,,651485,,,,,,1435029196,50,T-WARR5
52A73A,,N/A,,,,,,,,,,,,,,,,,,,,,,0,,,,,,,,,,,,,0,,,,,,,,0,,,,,0,0,0,0,0,0,,,,651260,651486,,57091,,651437,651323,651379,,,651276,,,,,,651486,,,,,,1435029196,48,T-WARR5
52A73A,,N/A,,,,,,,,,,,,,,,,,,,,,,0,,,,,,,,,,,,,0,,,,,,,,0,,,,,0,0,0,0,0,0,,,,651261,651487,,57092,,651438,651324,651380,,,651277,,,,,,651487,,,,,,1435029196,48,T-WARR5
52A73A,,N/A,,,,,,,,,,,,,,,,,,,,,,0,,,,,,,,,,,,,0,,,,,,,,0,,,,,0,0,0,0,0,0,,,,651262,651488,,57093,,651439,651325,651381,,,651278,,,,,,651488,,,,,,1435029196,46,T-WARR5
52A73A,,N/A,,,,,,,,,,,,,,,,,,,,,,0,,,,,,,,,,,,,0,,,,,,,,0,,,,,0,0,0,0,0,0,,,,651263,651489,,57094,,651440,651326,651382,,,651279,,,,,,651489,,,,,,1435029196,46,T-WARR5
52A73A,,N/A,,,,,,,,,,,,,,,,,,,,,,0,,,,,,,,,,,,,0,,,,,,,,0,,,,,0,0,0,0,0,0,,,,651264,651490,,57095,,651441,651327,651383,,,651280,,,,,,651490,,,,,,1435029196,44,T-WARR5
52A73A,,N/A,,,,,,,,,,,,,,,,,,,,,,0,,,,,,,,,,,,,0,,,,,,,,0,,,,,0,0,0,0,0,0,,,,651265,651491,,57096,,651442,651328,651384,,,651281,,,,,,651491,,,,,,1435029196,44,T-WARR5
52A73A,,N/A,,,,,,,,,,,,,,,,,,,,,,0,,,,,,,,,,,,,0,,,,,,,,0,,,,,0,0,0,0,0,0,,,,651266,651492,,57097,,651443,651329,651385,,,651282,,,,,,651492,,,,,,1435029196,42,T-WARR5
52A73A,,N/A,,,,,,,,,,,,,,,,,,,,,,0,,,,,,,,,,,,,0,,,,,,,,0,,,,,0,0,0,0,0,0,,,,651267,651493,,57098,,651444,651330,651386,,,651283,,,,,,651493,,,,,,1435029196,42,T-WARR5
52A73A,,N/A,,,,,,,,,,,,,,,,,,,,,,0,,,,,,,,,,,,,0,,,,,,,,0,,,,,0,0,0,0,0,0,,,,651268,651494,,57099,,651445,651331,651387,,,651284,,,,,,651494,,,,,,1435029196,40,T-WARR5
52A73A,,N/A,,,,,,,,,,,,,,,,,,,,,,0,,,,,,,,,,,,,0,,,,,,,,0,,,,,0,0,0,0,0,0,,,,651269,651495,,57100,,651446,651332,651388,,,651285,,,,,,651495,,,,,,1435029196,40,T-WARR5
52A73A,,N/A,,,,,,,,,,,,,,,,,,,,,,0,,,,,,,,,,,,,0,,,,,,,,0,,,,,0,0,0,0,0,0,,,,651270,651496,,57101,,651447,651333,651389,,,651286,,,,,,651496,,,,,,1435029196,38,T-WARR5
52A73A,,N/A,,,,,,,,,,,,,,,,,,,,,,0,,,,,,,,,,,,,0,,,,,,,,0,,,,,0,0,0,0,0,0,,,,651271,651497,,57102,,651448,651334,651390,,,651287,,,,,,651497,,,,,,1435029196,38,T-WARR5
52A73A,,N/A,,,,,,,,,,,,,,,,,,,,,,0,,,,,,,,,,,,,0,,,,,,,,0,,,,,0,0,0,0,0,0,,,,651272,651498,,57103,,651449,651335,651391,,,651288,,,,,,651498,,,,,,1435029196,36,T-WARR5
52A73A,,N/A,,,,,,,,,,,,,,,,,,,,,,0,,,,,,,,,,,,,0,,,,,,,,0,,,,,0,0,0,0,0,0,,,,651273,651499,,57104,,651450,651336,651392,,,651289,,,,,,651499,,,,,,1435029196,36,T-WARR5
52A73A,,N/A,,,,,,,,,,,,,,,,,,,,,,0,,,,,,,,,,,,,0,,,,,,,,0,,,,,0,0,0,0,0,0,,,,651274,651500,,57105,,651451,651337,651393,,,651290,,,,,,651500,,,,,,1435029196,34,T-WARR5
52A73A,,N/A,,,,,,,,,,,,,,,,,,,,,,0,,,,,,,,,,,,,0,,,,,,,,0,,,,,0,0,0,0,0,0,,,,651275,651501,,57106,,651452,651338,651394,,,651291,,,,,,651501,,,,,,1435029196,34,T-WARR5
52A73A,,N/A,,,,,,,,,,,,,,,,,,,,,,0,,,,,,,,,,,,,0,,,,,,,,0,,,,,0,0,0,0,0,0,,,,651276,651502,,57107,,651453,651339,651395,,,651292,,,,,,651502,,,,,,1435029196,32,T-WARR5
52A73A,,N/A,,,,,,,,,,,,,,,,,,,,,,0,,,,,,,,,,,,,0,,,,,,,,0,,,,,0,0,0,0,0,0,,,,651277,651503,,57108,,651454,651340,651396,,,651293,,,,,,651503,,,,,,1435029196,32,T-WARR5
52A73A,,N/A,,,,,,,,,,,,,,,,,,,,,,0,,,,,,,,,,,,,0,,,,,,,,0,,,,,0,0,0,0,0,0,,,,651278,651504,,57109,,651455,651341,651397,,,651294,,,,,,651504,,,,,,1435029196,30,T-WARR5
52A73A,,N/A,,,,,,,,,,,,,,,,,,,,,,0,,,,,,,,,,,,,0,,,,,,,,0,,,,,0,0,0,0,0,0,,,,651279,651505,,57110,,651456,651342,651398,,,651295,,,,,,651505,,,,,,1435029196,30,T-WARR5
52A73A,,N/A,,,,,,,,,,,,,,,,,,,,,,0,,,,,,,,,,,,,0,,,,,,,,0,,,,,0,0,0,0,0,0,,,,651280,651506,,57111,,651457,651343,651399,,,651296,,,,,,651506,,,,,,1435029196,28,T-WARR5
52A73A,,N/A,,,,,,,,,,,,,,,,,,,,,,0,,,,,,,,,,,,,0,,,,,,,,0,,,,,0,0,0,0,0,0,,,,651281,651507,,57112,,651458,651344,651400,,,651297,,,,,,651507,,,,,,1435029196,28,T-WARR5
52A73A,,N/A,,,,,,,,,,,,,,,,,,,,,,0,,,,,,,,,,,,,0,,,,,,,,0,,,,,0,0,0,0,0,0,,,,651282,651508,,57113,,651459,651345,651401,,,651298,,,,,,651508,,,,,,1435029196,26,T-WARR5
52A73A,,N/A,,,,,,,,,,,,,,,,,,,,,,0,,,,,,,,,,,,,0,,,,,,,,0,,,,,0,0,0,0,0,0,,,,651283,651509,,57114,,651460,651346,651402,,,651299,,,,,,651509,,,,,,1435029196,26,T-WARR5
52A73A,,N/A,,,,,,,,,,,,,,,,,,,,,,0,,,,,,,,,,,,,0,,,,,,,,0,,,,,0,0,0,0,0,0,,,,651284,651510,,57115,,651461,651347,651403,,,651300,,,,,,651510,,,,,,1435029196,24,T-WARR5
52A73A,,N/A,,,,,,,,,,,,,,,,,,,,,,0,,,,,,,,,,,,,0,,,,,,,,0,,,,,0,0,0,0,0,0,,,,651285,651511,,57116,,651462,651348,651404,,,651301,,,,,,651511,,,,,,1435029196,24,T-WARR5
52A73A,,N/A,,,,,,,,,,,,,,,,,,,,,,0,,,,,,,,,,,,,0,,,,,,,,0,,,,,0,0,0,0,0,0,,,,651286,651512,,57117,,651463,651349,651405,,,651302,,,,,,651512,,,,,,1435029196,22,T-WARR5
52A73A,,N/A,,,,,,,,,,,,,,,,,,,,,,0,,,,,,,,,,,,,0,,,,,,,,0,,,,,0,0,0,0,0,0,,,,651287,651513,,57118,,651464,651350,651406,,,651303,,,,,,651513,,,,,,1435029196,22,T-WARR5
52A73A,,N/A,,,,,,,,,,,,,,,,,,,,,,0,,,,,,,,,,,,,0,,,,,,,,0,,,,,0,0,0,0,0,0,,,,651288,651514,,57119,,651465,651351,651407,,,651304,,,,,,651514,,,,,,1435029196,20,T-WARR5
52A73A,,N/A,,,,,,,,,,,,,,,,,,,,,,0,,,,,,,,,,,,,0,,,,,,,,0,,,,,0,0,0,0,0,0,,,,651289,651515,,57120,,651466,651352,651408,,,651305,,,,,,651515,,,,,,1435029196,20,T-WARR5
52A73A,,N/A,,,,,,,,,,,,,,,,,,,,,,0,,,,,,,,,,,,,0,,,,,,,,0,,,,,0,0,0,0,0,0,,,,651290,651516,,57121,,651467,651353,651409,,,651306,,,,,,651516,,,,,,1435029196,18,T-WARR5
52A73A,,N/A,,,,,,,,,,,,,,,,,,,,,,0,,,,,,,,,,,,,0,,,,,,,,0,,,,,0,0,0,0,0,0,,,,651291,651517,,57122,,651468,651354,651410,,,651307,,,,,,651517,,,,,,1435029196,18,T-WARR5
52A73A,,N/A,,,,,,,,,,,,,,,,,,,,,,0,,,,,,,,,,,,,0,,,,,,,,0,,,,,0,0,0,0,0,0,,,,651292,651518,,57123,,651469,651355,651411,,,651308,,,,,,651518,,,,,,1435029196,16,T-WARR5
52A73A,,N/A,,,,,,,,,,,,,,,,,,,,,,0,,,,,,,,,,,,,0,,,,,,,,0,,,,,0,0,0,0,0,0,,,,651293,651519,,57124,,651470,651356,651412,,,651309,,,,,,651519,,,,,,1435029196,16,T-WARR5
52A73A,,N/A,,,,,,,,,,,,,,,,,,,,,,0,,,,,,,,,,,,,0,,,,,,,,0,,,,,0,0,0,0,0,0,,,,651294,651520,,57125,,651471,651357,651413,,,651310,,,,,,651520,,,,,,1435029196,14,T-WARR5
52A73A,,N/A,,,,,,,,,,,,,,,,,,,,,,0,,,,,,,,,,,,,0,,,,,,,,0,,,,,0,0,0,0,0,0,,,,651295,651521,,57126,,651472,651358,651414,,,651311,,,,,,651521,,,,,,1435029196,14,T-WARR5
52A73A,,N/A,,,,,,,,,,,,,,,,,,,,,,0,,,,,,,,,,,,,0,,,,,,,,0,,,,,0,0,0,0,0,0,,,,651296,651522,,57127,,651473,651359,651415,,,651312,,,,,,651522,,,,,,1435029196,12,T-WARR5
52A73A,,N/A,,,,,,,,,,,,,,,,,,,,,,0,,,,,,,,,,,,,0,,,,,,,,0,,,,,0,0,0,0,0,0,,,,651297,651523,,57128,,651474,651360,651416,,,651313,,,,,,651523,,,,,,1435029196,12,T-WARR5
52A73A,,N/A,,,,,,,,,,,,,,,,,,,,,,0,,,,,,,,,,,,,0,,,,,,,,0,,,,,0,0,0,0,0,0,,,,651298,651524,,57129,,651475,651361,651417,,,651314,,,,,,651524,,,,,,1435029196,10,T-WARR5
52A73A,,N/A,,,,,,,,,,,,,,,,,,,,,,0,,,,,,,,,,,,,0,,,,,,,,0,,,,,0,0,0,0,0,0,,,,651299,651525,,57130,,651476,651362,651418,,,651315,,,,,,651525,,,,,,1435029196,10,T-WARR5
52A73A,,N/A,,,,,,,,,,,,,,,,,,,,,,0,,,,,,,,,,,,,0,,,,,,,,0,,,,,0,0,0,0,0,0,,,,651300,651526,,57131,,651477,651363,651419,,,651316,,,,,,651526,,,,,,1435029196,8,T-WARR5
52A73A,,N/A,,,,,,,,,,,,,,,,,,,,,,0,,,,,,,,,,,,,0,,,,,,,,0,,,,,0,0,0,0,0,0,,,,651301,651527,,57132,,651478,651364,651420,,,651317,,,,,,651527,,,,,,1435029196,8,T-WARR5
52A73A,,N/A,,,,,,,,,,,,,,,,,,,,,,0,,,,,,,,,,,,,0,,,,,,,,0,,,,,0,0,0,0,0,0,,,,651302,651528,,57133,,651479,651365,651421,,,651318,,,,,,651528,,,,,,1435029196,6,T-WARR5
52A73A,,N/A,,,,,,,,,,,,,,,,,,,,,,0,,,,,,,,,,,,,0,,,,,,,,0,,,,,0,0,0,0,0,0,,,,651303,651529,,57134,,651480,651366,651422,,,651319,,,,,,651529,,,,,,1435029196,6,T-WARR5
52A73A,,N/A,,,,,,,,,,,,,,,,,,,,,,0,,,,,,,,,,,,,0,,,,,,,,0,,,,,0,0,0,0,0,0,,,,651304,651530,,57135,,651481,651367,651423,,,651320,,,,,,651530,,,,,,1435029196,4,T-WARR5
52A73A,,N/A,,,,,,,,,,,,,,,,,,,,,,0,,,,,,,,,,,,,0,,,,,,,,0,,,,,0,0,0,0,0,0,,,,651305,651531,,57136,,651482,651368,651424,,,651321,,,,,,651531,,,,,,1435029196,4,T-WARR5
52A73A,,N/A,,,,,,,,,,,,,,,,,,,,,,0,,,,,,,,,,,,,0,,,,,,,,0,,,,,0,0,0,0,0,0,,,,651306,651532,,57137,,651483,651369,651425,,,651322,,,,,,651532,,,,,,1435029196,4,T-WARR5
52A73A,,N/A,,,,,,,,,,,,,,,,,,,,,,0,,,,,,,,,,,,,0,,,,,,,,0,,,,,0,0,0,0,0,0,,,,651306,651532,,57137,,651483,651369,651425,,,651322,,,,,,651532,,,,,,1435029196,2,T-WARR5
52A73A,,N/A,,,,,,,,,,,,,,,,,,,,,,0,,,,,,,,,,,,,0,,,,,,,,0,,,,,0,0,0,0,0,0,,,,651307,651533,,57138,,651484,651370,651426,,,651323,,,,,,651533,,,,,,1435029196,2,T-WARR5
52A73A,,N/A,,,,,,,,,,,,,,,,,,,,,,0,,,,,,,,,,,,,0,,,,,,,,0,,,,,0,0,0,0,0,0,,,,651308,651534,,57139,,651485,651371,651427,,,651324,,,,,,651534,,,,,,1435029196,2,T-WARR5
52A73A,,N/A,,,,,,,,,,,,,,,,,,,,,,0,,,,,,,,,,,,,0,,,,,,,,0,,,,,0,0,0,0,0,0,,,,651308,651534,,57139,,651485,651371,651427,,,651324,,,,,,651534,,,,,,1435029196,0,T-WARR5
52A73A,,N/A,,,,,,,,,,,,,,,,,,,,,,0,,,,,,,,,,,,,0,,,,,,,,0,,,,,0,0,0,0,0,0,,,,651309,651535,,57140,,651486,651372,651428,,,651325,,,,,,651535,,,,,,1435029196,0,T-WARR5
52A73A,,N/A,,,,,,,,,,,,,,,,,,,,,,0,,,,,,,,,,,,,0,,,,,,,,0,,,,,0,0,0,0,0,0,,,,651310,651536,,57141,,651487,651373,651429,,,651326,,,,,,651536,,,,,,1435029196,0,T-WARR5
9B13ED,,N/A,,,,,,,,,,,,,,,,,,,,,,0,,,,,,,,,,,,,0,,,,,,,,0,,,,,0,0,0,0,0,0,,,,647700,647696,647696,647636,647791,647718,647861,647895,,,647696,,,,,647765,647988,,647789,647944,647859,,1434439484,60,T-WARR5
9B13ED,,N/A,,,,,,,,,,,,,,,,,,,,,,0,,,,,,,,,,,,,0,,,,,,,,0,,,,,0,0,0,0,0,0,,,,647701,647697,647697,647637,647792,647719,647862,647896,,,647697,,,,,647766,647989,,647790,647945,647860,,1434439484,60,T-WARR5
9B13ED,,N/A,,,,,,,,,,,,,,,,,,,,,,0,,,,,,,,,,,,,0,,,,,,,,0,,,,,0,0,0,0,0,0,,,,647702,647698,647698,647638,647793,647720,647863,647897,,,647698,,,,,647767,647990,,647791,647946,647861,,1434439484,60,T-WARR5
9B13ED,,N/A,,,,,,,,,,,,,,,,,,,,,,0,,,,,,,,,,,,,0,,,,,,,,0,,,,,0,0,0,0,0,0,,,,647702,647698,647698,647638,647793,647720,647863,647897,,,647698,,,,,647767,647990,,647791,647946,647861,,1434439484,58,T-WARR5
9B13ED,,N/A,,,,,,,,,,,,,,,,,,,,,,0,,,,,,,,,,,,,0,,,,,,,,0,,,,,0,0,0,0,0,0,,,,647703,647699,647699,647639,647794,647721,647864,647898,,,647699,,,,,647768,647991,,647792,647947,647862,,1434439484,58,T-WARR5
9B13ED,,N/A,,,,,,,,,,,,,,,,,,,,,,0,,,,,,,,,,,,,0,,,,,,,,0,,,,,0,0,0,0,0,0,,,,647704,647700,647700,647640,647795,647722,647865,647899,,,647700,,,,,647769,647992,,647793,647948,647863,,1434439484,58,T-WARR5
9B13ED,,N/A,,,,,,,,,,,,,,,,,,,,,,0,,,,,,,,,,,,,0,,,,,,,,0,,,,,0,0,0,0,0,0,,,,647704,647700,647700,647640,647795,647722,647865,647899,,,647700,,,,,647769,647992,,647793,647948,647863,,1434439484,56,T-WARR5
9B13ED,,N/A,,,,,,,,,,,,,,,,,,,,,,0,,,,,,,,,,,,,0,,,,,,,,0,,,,,0,0,0,0,0,0,,,,647705,647701,647701,647641,647796,647723,647866,647900,,,647701,,,,,647770,647993,,647794,647949,647864,,1434439484,56,T-WARR5
9B13ED,,N/A,,,,,,,,,,,,,,,,,,,,,,0,,,,,,,,,,,,,0,,,,,,,,0,,,,,0,0,0,0,0,0,,,,647706,647702,647702,647642,647797,647724,647867,647901,,,647702,,,,,647771,647994,,647795,647950,647865,,1434439484,56,T-WARR5
9B13ED,,N/A,,,,,,,,,,,,,,,,,,,,,,0,,,,,,,,,,,,,0,,,,,,,,0,,,,,0,0,0,0,0,0,,,,647706,647702,647702,647642,647797,647724,647867,647901,,,647702,,,,,647771,647994,,647795,647950,647865,,1434439484,54,T-WARR5
9B13ED,,N/A,,,,,,,,,,,,,,,,,,,,,,0,,,,,,,,,,,,,0,,,,,,,,0,,,,,0,0,0,0,0,0,,,,647707,647703,647703,647643,647798,647725,647868,647902,,,647703,,,,,647772,647995,,647796,647951,647866,,1434439484,54,T-WARR5
9B13ED,,N/A,,,,,,,,,,,,,,,,,,,,,,0,,,,,,,,,,,,,0,,,,,,,,0,,,,,0,0,0,0,0,0,,,,647708,647704,647704,647644,647799,647726,647869,647903,,,647704,,,,,647773,647996,,647797,647952,647867,,1434439484,54,T-WARR5
9B13ED,,N/A,,,,,,,,,,,,,,,,,,,,,,0,,,,,,,,,,,,,0,,,,,,,,0,,,,,0,0,0,0,0,0,,,,647708,647704,647704,647644,647799,647726,647869,647903,,,647704,,,,,647773,647996,,647797,647952,647867,,1434439484,52,T-WARR5
9B13ED,,N/A,,,,,,,,,,,,,,,,,,,,,,0,,,,,,,,,,,,,0,,,,,,,,0,,,,,0,0,0,0,0,0,,,,647709,647705,647705,647645,647800,647727,647870,647904,,,647705,,,,,647774,647997,,647798,647953,647868,,1434439484,52,T-WARR5
9B13ED,,N/A,,,,,,,,,,,,,,,,,,,,,,0,,,,,,,,,,,,,0,,,,,,,,0,,,,,0,0,0,0,0,0,,,,647710,647706,647706,647646,647801,647728,647871,647905,,,647706,,,,,647775,647998,,647799,647954,647869,,1434439484,52,T-WARR5
9B13ED,,N/A,,,,,,,,,,,,,,,,,,,,,,0,,,,,,,,,,,,,0,,,,,,,,0,,,,,0,0,0,0,0,0,,,,647710,647706,647706,647646,647801,647728,647871,647905,,,647706,,,,,647775,647998,,647799,647954,647869,,1434439484,50,T-WARR5
9B13ED,,N/A,,,,,,,,,,,,,,,,,,,,,,0,,,,,,,,,,,,,0,,,,,,,,0,,,,,0,0,0,0,0,0,,,,647711,647707,647707,647647,647802,647729,647872,647906,,,647707,,,,,647776,647999,,647800,647955,647870,,1434439484,50,T-WARR5
9B13ED,,N/A,,,,,,,,,,,,,,,,,,,,,,0,,,,,,,,,,,,,0,,,,,,,,0,,,,,0,0,0,0,0,0,,,,647712,647708,647708,647648,647803,647730,647873,647907,,,647708,,,,,647777,648000,,647801,647956,647871,,1434439484,50,T-WARR5
9B13ED,,N/A,,,,,,,,,,,,,,,,,,,,,,0,,,,,,,,,,,,,0,,,,,,,,0,,,,,0,0,0,0,0,0,,,,647712,647708,647708,647648,647803,647730,647873,647907,,,647708,,,,,647777,648000,,647801,647956,647871,,1434439484,48,T-WARR5
9B13ED,,N/A,,,,,,,,,,,,,,,,,,,,,,0,,,,,,,,,,,,,0,,,,,,,,0,,,,,0,0,0,0,0,0,,,,647713,647709,647709,647649,647804,647731,647874,647908,,,647709,,,,,647778,648001,,647802,647957,647872,,1434439484,48,T-WARR5
9B13ED,,N/A,,,,,,,,,,,,,,,,,,,,,,0,,,,,,,,,,,,,0,,,,,,,,0,,,,,0,0,0,0,0,0,,,,647714,647710,647710,647650,647805,647732,647875,647909,,,647710,,,,,647779,648002,,647803,647958,647873,,1434439484,48,T-WARR5
9B13ED,,N/A,,,,,,,,,,,,,,,,,,,,,,0,,,,,,,,,,,,,0,,,,,,,,0,,,,,0,0,0,0,0,0,,,,647714,647710,647710,647650,647805,647732,647875,647909,,,647710,,,,,647779,648002,,647803,647958,647873,,1434439484,46,T-WARR5
9B13ED,,N/A,,,,,,,,,,,,,,,,,,,,,,0,,,,,,,,,,,,,0,,,,,,,,0,,,,,0,0,0,0,0,0,,,,647715,647711,647711,647651,647806,647733,647876,647910,,,647711,,,,,647780,648003,,647804,647959,647874,,1434439484,46,T-WARR5
9B13ED,,N/A,,,,,,,,,,,,,,,,,,,,,,0,,,,,,,,,,,,,0,,,,,,,,0,,,,,0,0,0,0,0,0,,,,647716,647712,647712,647652,647807,647734,647877,647911,,,647712,,,,,647781,648004,,647805,647960,647875,,1434439484,46,T-WARR5
9B13ED,,N/A,,,,,,,,,,,,,,,,,,,,,,0,,,,,,,,,,,,,0,,,,,,,,0,,,,,0,0,0,0,0,0,,,,647716,647712,647712,647652,647807,647734,647877,647911,,,647712,,,,,647781,648004,,647805,647960,647875,,1434439484,44,T-WARR5
9B13ED,,N/A,,,,,,,,,,,,,,,,,,,,,,0,,,,,,,,,,,,,0,,,,,,,,0,,,,,0,0,0,0,0,0,,,,647717,647713,647713,647653,647808,647735,647878,647912,,,647713,,,,,647782,648005,,647806,647961,647876,,1434439484,44,T-WARR5
9B13ED,,N/A,,,,,,,,,,,,,,,,,,,,,,0,,,,,,,,,,,,,0,,,,,,,,0,,,,,0,0,0,0,0,0,,,,647718,647714,647714,647654,647809,647736,647879,647913,,,647714,,,,,647783,648006,,647807,647962,647877,,1434439484,44,T-WARR5
9B13ED,,N/A,,,,,,,,,,,,,,,,,,,,,,0,,,,,,,,,,,,,0,,,,,,,,0,,,,,0,0,0,0,0,0,,,,647718,647714,647714,647654,647809,647736,647879,647913,,,647714,,,,,647783,648006,,647807,647962,647877,,1434439484,42,T-WARR5
9B13ED,,N/A,,,,,,,,,,,,,,,,,,,,,,0,,,,,,,,,,,,,0,,,,,,,,0,,,,,0,0,0,0,0,0,,,,647719,647715,647715,647655,647810,647737,647880,647914,,,647715,,,,,647784,648007,,647808,647963,647878,,1434439484,42,T-WARR5
9B13ED,,N/A,,,,,,,,,,,,,,,,,,,,,,0,,,,,,,,,,,,,0,,,,,,,,0,,,,,0,0,0,0,0,0,,,,647720,647716,647716,647656,647811,647738,647881,647915,,,647716,,,,,647785,648008,,647809,647964,647879,,1434439484,42,T-WARR5
9B13ED,,N/A,,,,,,,,,,,,,,,,,,,,,,0,,,,,,,,,,,,,0,,,,,,,,0,,,,,0,0,0,0,0,0,,,,647720,647716,647716,647656,647811,647738,647881,647915,,,647716,,,,,647785,648008,,647809,647964,647879,,1434439484,40,T-WARR5
9B13ED,,N/A,,,,,,,,,,,,,,,,,,,,,,0,,,,,,,,,,,,,0,,,,,,,,0,,,,,0,0,0,0,0,0,,,,647721,647717,647717,647657,647812,647739,647882,647916,,,647717,,,,,647786,648009,,647810,647965,647880,,1434439484,40,T-WARR5
9B13ED,,N/A,,,,,,,,,,,,,,,,,,,,,,0,,,,,,,,,,,,,0,,,,,,,,0,,,,,0,0,0,0,0,0,,,,647722,647718,647718,647658,647813,647740,647883,647917,,,647718,,,,,647787,648010,,647811,647966,647881,,1434439484,40,T-WARR5
9B13ED,,N/A,,,,,,,,,,,,,,,,,,,,,,0,,,,,,,,,,,,,0,,,,,,,,0,,,,,0,0,0,0,0,0,,,,647722,647718,647718,647658,647813,647740,647883,647917,,,647718,,,,,647787,648010,,647811,647966,647881,,1434439484,38,T-WARR5
9B13ED,,N/A,,,,,,,,,,,,,,,,,,,,,,0,,,,,,,,,,,,,0,,,,,,,,0,,,,,0,0,0,0,0,0,,,,647723,647719,647719,647659,647814,647741,647884,647918,,,647719,,,,,647788,648011,,647812,647967,647882,,1434439484,38,T-WARR5
9B13ED,,N/A,,,,,,,,,,,,,,,,,,,,,,0,,,,,,,,,,,,,0,,,,,,,,0,,,,,0,0,0,0,0,0,,,,647724,647720,647720,647660,647815,647742,647885,647919,,,647720,,,,,647789,648012,,647813,647968,647883,,1434439484,38,T-WARR5
9B13ED,,N/A,,,,,,,,,,,,,,,,,,,,,,0,,,,,,,,,,,,,0,,,,,,,,0,,,,,0,0,0,0,0,0,,,,647724,647720,647720,647660,647815,647742,647885,647919,,,647720,,,,,647789,648012,,647813,647968,647883,,1434439484,36,T-WARR5
9B13ED,,N/A,,,,,,,,,,,,,,,,,,,,,,0,,,,,,,,,,,,,0,,,,,,,,0,,,,,0,0,0,0,0,0,,,,647725,647721,647721,647661,647816,647743,647886,647920,,,647721,,,,,647790,648013,,647814,647969,647884,,1434439484,36,T-WARR5
9B13ED,,N/A,,,,,,,,,,,,,,,,,,,,,,0,,,,,,,,,,,,,0,,,,,,,,0,,,,,0,0,0,0,0,0,,,,647726,647722,647722,647662,647817,647744,647887,647921,,,647722,,,,,647791,648014,,647815,647970,647885,,1434439484,36,T-WARR5
9B13ED,,N/A,,,,,,,,,,,,,,,,,,,,,,0,,,,,,,,,,,,,0,,,,,,,,0,,,,,0,0,0,0,0,0,,,,647726,647722,647722,647662,647817,647744,647887,647921,,,647722,,,,,647791,648014,,647815,647970,647885,,1434439484,34,T-WARR5
9B13ED,,N/A,,,,,,,,,,,,,,,,,,,,,,0,,,,,,,,,,,,,0,,,,,,,,0,,,,,0,0,0,0,0,0,,,,647727,647723,647723,647663,647818,647745,647888,647922,,,647723,,,,,647792,648015,,647816,647971,647886,,1434439484,34,T-WARR5
9B13ED,,N/A,,,,,,,,,,,,,,,,,,,,,,0,,,,,,,,,,,,,0,,,,,,,,0,,,,,0,0,0,0,0,0,,,,647728,647724,647724,647664,647819,647746,647889,647923,,,647724,,,,,647793,648016,,647817,647972,647887,,1434439484,34,T-WARR5
9B13ED,,N/A,,,,,,,,,,,,,,,,,,,,,,0,,,,,,,,,,,,,0,,,,,,,,0,,,,,0,0,0,0,0,0,,,,647728,647724,647724,647664,647819,647746,647889,647923,,,647724,,,,,647793,648016,,647817,647972,647887,,1434439484,32,T-WARR5
9B13ED,,N/A,,,,,,,,,,,,,,,,,,,,,,0,,,,,,,,,,,,,0,,,,,,,,0,,,,,0,0,0,0,0,0,,,,647729,647725,647725,647665,647820,647747,647890,647924,,,647725,,,,,647794,648017,,647818,647973,647888,,1434439484,32,T-WARR5
9B13ED,,N/A,,,,,,,,,,,,,,,,,,,,,,0,,,,,,,,,,,,,0,,,,,,,,0,,,,,0,0,0,0,0,0,,,,647730,647726,647726,647666,647821,647748,647891,647925,,,647726,,,,,647795,648018,,647819,647974,647889,,1434439484,32,T-WARR5
9B13ED,,N/A,,,,,,,,,,,,,,,,,,,,,,0,,,,,,,,,,,,,0,,,,,,,,0,,,,,0,0,0,0,0,0,,,,647730,647726,647726,647666,647821,647748,647891,647925,,,647726,,,,,647795,648018,,647819,647974,647889,,1434439484,30,T-WARR5
9B13ED,,N/A,,,,,,,,,,,,,,,,,,,,,,0,,,,,,,,,,,,,0,,,,,,,,0,,,,,0,0,0,0,0,0,,,,647731,647727,647727,647667,647822,647749,647892,647926,,,647727,,,,,647796,648019,,647820,647975,647890,,1434439484,30,T-WARR5
9B13ED,,N/A,,,,,,,,,,,,,,,,,,,,,,0,,,,,,,,,,,,,0,,,,,,,,0,,,,,0,0,0,0,0,0,,,,647732,647728,647728,647668,647823,647750,647893,647927,,,647728,,,,,647797,648020,,647821,647976,647891,,1434439484,30,T-WARR5
9B13ED,,N/A,,,,,,,,,,,,,,,,,,,,,,0,,,,,,,,,,,,,0,,,,,,,,0,,,,,0,0,0,0,0,0,,,,647732,647728,647728,647668,647823,647750,647893,647927,,,647728,,,,,647797,648020,,647821,647976,647891,,1434439484,28,T-WARR5
9B13ED,,N/A,,,,,,,,,,,,,,,,,,,,,,0,,,,,,,,,,,,,0,,,,,,,,0,,,,,0,0,0,0,0,0,,,,647733,647729,647729,647669,647824,647751,647894,647928,,,647729,,,,,647798,648021,,647822,647977,647892,,1434439484,28,T-WARR5
9B13ED,,N/A,,,,,,,,,,,,,,,,,,,,,,0,,,,,,,,,,,,,0,,,,,,,,0,,,,,0,0,0,0,0,0,,,,647734,647730,647730,647670,647825,647752,647895,647929,,,647730,,,,,647799,648022,,647823,647978,647893,,1434439484,28,T-WARR5
9B13ED,,N/A,,,,,,,,,,,,,,,,,,,,,,0,,,,,,,,,,,,,0,,,,,,,,0,,,,,0,0,0,0,0,0,,,,647734,647730,647730,647670,647825,647752,647895,647929,,,647730,,,,,647799,648022,,647823,647978,647893,,1434439484,26,T-WARR5
9B13ED,,N/A,,,,,,,,,,,,,,,,,,,,,,0,,,,,,,,,,,,,0,,,,,,,,0,,,,,0,0,0,0,0,0,,,,647735,647731,647731,647671,647826,647753,647896,647930,,,647731,,,,,647800,648023,,647824,647979,647894,,1434439484,26,T-WARR5
9B13ED,,N/A,,,,,,,,,,,,,,,,,,,,,,0,,,,,,,,,,,,,0,,,,,,,,0,,,,,0,0,0,0,0,0,,,,647736,647732,647732,647672,647827,647754,647897,647931,,,647732,,,,,647801,648024,,647825,647980,647895,,1434439484,26,T-WARR5
9B13ED,,N/A,,,,,,,,,,,,,,,,,,,,,,0,,,,,,,,,,,,,0,,,,,,,,0,,,,,0,0,0,0,0,0,,,,647736,647732,647732,647672,647827,647754,647897,647931,,,647732,,,,,647801,648024,,647825,647980,647895,,1434439484,24,T-WARR5
9B13ED,,N/A,,,,,,,,,,,,,,,,,,,,,,0,,,,,,,,,,,,,0,,,,,,,,0,,,,,0,0,0,0,0,0,,,,647737,647733,647733,647673,647828,647755,647898,647932,,,647733,,,,,647802,648025,,647826,647981,647896,,1434439484,24,T-WARR5
9B13ED,,N/A,,,,,,,,,,,,,,,,,,,,,,0,,,,,,,,,,,,,0,,,,,,,,0,,,,,0,0,0,0,0,0,,,,647741,647737,647737,647677,647832,647759,647902,647936,,,647737,,,,,647806,648029,,647830,647985,647900,,1434439484,20,T-WARR5
9B13ED,,N/A,,,,,,,,,,,,,,,,,,,,,,0,,,,,,,,,,,,,0,,,,,,,,0,,,,,0,0,0,0,0,0,,,,647742,647738,647738,647678,647833,647760,647903,647937,,,647738,,,,,647807,648030,,647831,647986,647901,,1434439484,20,T-WARR5
9B13ED,,N/A,,,,,,,,,,,,,,,,,,,,,,0,,,,,,,,,,,,,0,,,,,,,,0,,,,,0,0,0,0,0,0,,,,647742,647738,647738,647678,647833,647760,647903,647937,,,647738,,,,,647807,648030,,647831,647986,647901,,1434439484,18,T-WARR5
9B13ED,,N/A,,,,,,,,,,,,,,,,,,,,,,0,,,,,,,,,,,,,0,,,,,,,,0,,,,,0,0,0,0,0,0,,,,647743,647739,647739,647679,647834,647761,647904,647938,,,647739,,,,,647808,648031,,647832,647987,647902,,1434439484,18,T-WARR5
9B13ED,,N/A,,,,,,,,,,,,,,,,,,,,,,0,,,,,,,,,,,,,0,,,,,,,,0,,,,,0,0,0,0,0,0,,,,647744,647740,647740,647680,647835,647762,647905,647939,,,647740,,,,,647809,648032,,647833,647988,647903,,1434439484,18,T-WARR5
9B13ED,,N/A,,,,,,,,,,,,,,,,,,,,,,0,,,,,,,,,,,,,0,,,,,,,,0,,,,,0,0,0,0,0,0,,,,647744,647740,647740,647680,647835,647762,647905,647939,,,647740,,,,,647809,648032,,647833,647988,647903,,1434439484,16,T-WARR5
9B13ED,,N/A,,,,,,,,,,,,,,,,,,,,,,0,,,,,,,,,,,,,0,,,,,,,,0,,,,,0,0,0,0,0,0,,,,647745,647741,647741,647681,647836,647763,647906,647940,,,647741,,,,,647810,648033,,647834,647989,647904,,1434439484,16,T-WARR5
9B13ED,,N/A,,,,,,,,,,,,,,,,,,,,,,0,,,,,,,,,,,,,0,,,,,,,,0,,,,,0,0,0,0,0,0,,,,647746,647742,647742,647682,647837,647764,647907,647941,,,647742,,,,,647811,648034,,647835,647990,647905,,1434439484,16,T-WARR5
9B13ED,,N/A,,,,,,,,,,,,,,,,,,,,,,0,,,,,,,,,,,,,0,,,,,,,,0,,,,,0,0,0,0,0,0,,,,647746,647742,647742,647682,647837,647764,647907,647941,,,647742,,,,,647811,648034,,647835,647990,647905,,1434439484,14,T-WARR5
9B13ED,,N/A,,,,,,,,,,,,,,,,,,,,,,0,,,,,,,,,,,,,0,,,,,,,,0,,,,,0,0,0,0,0,0,,,,647747,647743,647743,647683,647838,647765,647908,647942,,,647743,,,,,647812,648035,,647836,647991,647906,,1434439484,14,T-WARR5
9B13ED,,N/A,,,,,,,,,,,,,,,,,,,,,,0,,,,,,,,,,,,,0,,,,,,,,0,,,,,0,0,0,0,0,0,,,,647748,647744,647744,647684,647839,647766,647909,647943,,,647744,,,,,647813,648036,,647837,647992,647907,,1434439484,14,T-WARR5
9B13ED,,N/A,,,,,,,,,,,,,,,,,,,,,,0,,,,,,,,,,,,,0,,,,,,,,0,,,,,0,0,0,0,0,0,,,,647748,647744,647744,647684,647839,647766,647909,647943,,,647744,,,,,647813,648036,,647837,647992,647907,,1434439484,12,T-WARR5
9B13ED,,N/A,,,,,,,,,,,,,,,,,,,,,,0,,,,,,,,,,,,,0,,,,,,,,0,,,,,0,0,0,0,0,0,,,,647749,647745,647745,647685,647840,647767,647910,647944,,,647745,,,,,647814,648037,,647838,647993,647908,,1434439484,12,T-WARR5
9B13ED,,N/A,,,,,,,,,,,,,,,,,,,,,,0,,,,,,,,,,,,,0,,,,,,,,0,,,,,0,0,0,0,0,0,,,,647750,647746,647746,647686,647841,647768,647911,647945,,,647746,,,,,647815,648038,,647839,647994,647909,,1434439484,12,T-WARR5
9B13ED,,N/A,,,,,,,,,,,,,,,,,,,,,,0,,,,,,,,,,,,,0,,,,,,,,0,,,,,0,0,0,0,0,0,,,,647750,647746,647746,647686,647841,647768,647911,647945,,,647746,,,,,647815,648038,,647839,647994,647909,,1434439484,10,T-WARR5
9B13ED,,N/A,,,,,,,,,,,,,,,,,,,,,,0,,,,,,,,,,,,,0,,,,,,,,0,,,,,0,0,0,0,0,0,,,,647751,647747,647747,647687,647842,647769,647912,647946,,,647747,,,,,647816,648039,,647840,647995,647910,,1434439484,10,T-WARR5
9B13ED,,N/A,,,,,,,,,,,,,,,,,,,,,,0,,,,,,,,,,,,,0,,,,,,,,0,,,,,0,0,0,0,0,0,,,,647752,647748,647748,647688,647843,647770,647913,647947,,,647748,,,,,647817,648040,,647841,647996,647911,,1434439484,10,T-WARR5
9B13ED,,N/A,,,,,,,,,,,,,,,,,,,,,,0,,,,,,,,,,,,,0,,,,,,,,0,,,,,0,0,0,0,0,0,,,,647752,647748,647748,647688,647843,647770,647913,647947,,,647748,,,,,647817,648040,,647841,647996,647911,,1434439484,8,T-WARR5
9B13ED,,N/A,,,,,,,,,,,,,,,,,,,,,,0,,,,,,,,,,,,,0,,,,,,,,0,,,,,0,0,0,0,0,0,,,,647753,647749,647749,647689,647844,647771,647914,647948,,,647749,,,,,647818,648041,,647842,647997,647912,,1434439484,8,T-WARR5
9B13ED,,N/A,,,,,,,,,,,,,,,,,,,,,,0,,,,,,,,,,,,,0,,,,,,,,0,,,,,0,0,0,0,0,0,,,,647754,647750,647750,647690,647845,647772,647915,647949,,,647750,,,,,647819,648042,,647843,647998,647913,,1434439484,8,T-WARR5
9B13ED,,N/A,,,,,,,,,,,,,,,,,,,,,,0,,,,,,,,,,,,,0,,,,,,,,0,,,,,0,0,0,0,0,0,,,,647754,647750,647750,647690,647845,647772,647915,647949,,,647750,,,,,647819,648042,,647843,647998,647913,,1434439484,6,T-WARR5
9B13ED,,N/A,,,,,,,,,,,,,,,,,,,,,,0,,,,,,,,,,,,,0,,,,,,,,0,,,,,0,0,0,0,0,0,,,,647755,647751,647751,647691,647846,647773,647916,647950,,,647751,,,,,647820,648043,,647844,647999,647914,,1434439484,6,T-WARR5
9B13ED,,N/A,,,,,,,,,,,,,,,,,,,,,,0,,,,,,,,,,,,,0,,,,,,,,0,,,,,0,0,0,0,0,0,,,,647756,647752,647752,647692,647847,647774,647917,647951,,,647752,,,,,647821,648044,,647845,648000,647915,,1434439484,6,T-WARR5
9B13ED,,N/A,,,,,,,,,,,,,,,,,,,,,,0,,,,,,,,,,,,,0,,,,,,,,0,,,,,0,0,0,0,0,0,,,,647756,647752,647752,647692,647847,647774,647917,647951,,,647752,,,,,647821,648044,,647845,648000,647915,,1434439484,4,T-WARR5
9B13ED,,N/A,,,,,,,,,,,,,,,,,,,,,,0,,,,,,,,,,,,,0,,,,,,,,0,,,,,0,0,0,0,0,0,,,,647757,647753,647753,647693,647848,647775,647918,647952,,,647753,,,,,647822,648045,,647846,648001,647916,,1434439484,4,T-WARR5
9B13ED,,N/A,,,,,,,,,,,,,,,,,,,,,,0,,,,,,,,,,,,,0,,,,,,,,0,,,,,0,0,0,0,0,0,,,,647758,647754,647754,647694,647849,647776,647919,647953,,,647754,,,,,647823,648046,,647847,648002,647917,,1434439484,4,T-WARR5
9B13ED,,N/A,,,,,,,,,,,,,,,,,,,,,,0,,,,,,,,,,,,,0,,,,,,,,0,,,,,0,0,0,0,0,0,,,,647758,647754,647754,647694,647849,647776,647919,647953,,,647754,,,,,647823,648046,,647847,648002,647917,,1434439484,2,T-WARR5
9B13ED,,N/A,,,,,,,,,,,,,,,,,,,,,,0,,,,,,,,,,,,,0,,,,,,,,0,,,,,0,0,0,0,0,0,,,,647759,647755,647755,647695,647850,647777,647920,647954,,,647755,,,,,647824,648047,,647848,648003,647918,,1434439484,2,T-WARR5
9B13ED,,N/A,,,,,,,,,,,,,,,,,,,,,,0,,,,,,,,,,,,,0,,,,,,,,0,,,,,0,0,0,0,0,0,,,,647760,647756,647756,647696,647851,647778,647921,647955,,,647756,,,,,647825,648048,,647849,648004,647919,,1434439484,2,T-WARR5
9B13ED,,N/A,,,,,,,,,,,,,,,,,,,,,,0,,,,,,,,,,,,,0,,,,,,,,0,,,,,0,0,0,0,0,0,,,,647760,647756,647756,647696,647851,647778,647921,647955,,,647756,,,,,647825,648048,,647849,648004,647919,,1434439484,0,T-WARR5
9B13ED,,N/A,,,,,,,,,,,,,,,,,,,,,,0,,,,,,,,,,,,,0,,,,,,,,0,,,,,0,0,0,0,0,0,,,,647761,647757,647757,647697,647852,647779,647922,647956,,,647757,,,,,647826,648049,,647850,648005,647920,,1434439484,0,T-WARR5
9B13ED,,N/A,,,,,,,,,,,,,,,,,,,,,,0,,,,,,,,,,,,,0,,,,,,,,0,,,,,0,0,0,0,0,0,,,,647762,647758,647758,647698,647853,647780,647923,647957,,,647758,,,,,647827,648050,,647851,648006,647921,,1434439484,0,T-WARR5
15F4FB,,N/A,,,,,,,,,,,,,,,,,,,,,,0,,,,,,,,,,,,,0,,,,,,,,1,,,,,0,0,0,0,0,0,,,,11288,11096,11078,2560,22619,5818,11090,11152,,18101,11088,,,5002,15752,11150,11168,15801,15752,15925,16005,19565,1435084823,60,T-WARR3
15F4FB,,N/A,,,,,,,,,,,,,,,,,,,,,,0,,,,,,,,,,,,,0,,,,,,,,1,,,,,0,0,0,0,0,0,,,,11289,11097,11079,2561,22620,5819,11091,11153,,18102,11089,,,5003,15753,11151,11169,15802,15753,15926,16006,19566,1435084823,60,T-WARR3
15F4FB,,N/A,,,,,,,,,,,,,,,,,,,,,,0,,,,,,,,,,,,,0,,,,,,,,1,,,,,0,0,0,0,0,0,,,,11290,11098,11080,2562,22621,5820,11092,11154,,18103,11090,,,5004,15754,11152,11170,15803,15754,15927,16007,19567,1435084823,58,T-WARR3
15F4FB,,N/A,,,,,,,,,,,,,,,,,,,,,,0,,,,,,,,,,,,,0,,,,,,,,1,,,,,0,0,0,0,0,0,,,,11291,11099,11081,2563,22622,5821,11093,11155,,18104,11091,,,5005,15755,11153,11171,15804,15755,15928,16008,19568,1435084823,58,T-WARR3
15F4FB,,N/A,,,,,,,,,,,,,,,,,,,,,,0,,,,,,,,,,,,,0,,,,,,,,1,,,,,0,0,0,0,0,0,,,,11292,11100,11082,2564,22623,5822,11094,11156,,18105,11092,,,5006,15756,11154,11172,15805,15756,15929,16009,19569,1435084823,56,T-WARR3
15F4FB,,N/A,,,,,,,,,,,,,,,,,,,,,,0,,,,,,,,,,,,,0,,,,,,,,1,,,,,0,0,0,0,0,0,,,,11293,11101,11083,2565,22624,5823,11095,11157,,18106,11093,,,5007,15757,11155,11173,15806,15757,15930,16010,19570,1435084823,56,T-WARR3
15F4FB,,N/A,,,,,,,,,,,,,,,,,,,,,,0,,,,,,,,,,,,,0,,,,,,,,1,,,,,0,0,0,0,0,0,,,,11294,11102,11084,2566,22625,5824,11096,11158,,18107,11094,,,5008,15758,11156,11174,15807,15758,15931,16011,19571,1435084823,54,T-WARR3
15F4FB,,N/A,,,,,,,,,,,,,,,,,,,,,,0,,,,,,,,,,,,,0,,,,,,,,1,,,,,0,0,0,0,0,0,,,,11295,11103,11085,2567,22626,5825,11097,11159,,18108,11095,,,5009,15759,11157,11175,15808,15759,15932,16012,19572,1435084823,54,T-WARR3
15F4FB,,N/A,,,,,,,,,,,,,,,,,,,,,,0,,,,,,,,,,,,,0,,,,,,,,1,,,,,0,0,0,0,0,0,,,,11296,11104,11086,2568,22627,5826,11098,11160,,18109,11096,,,5010,15760,11158,11176,15809,15760,15933,16013,19573,1435084823,52,T-WARR3
15F4FB,,N/A,,,,,,,,,,,,,,,,,,,,,,0,,,,,,,,,,,,,0,,,,,,,,1,,,,,0,0,0,0,0,0,,,,11297,11105,11087,2569,22628,5827,11099,11161,,18110,11097,,,5011,15761,11159,11177,15810,15761,15934,16014,19574,1435084823,52,T-WARR3
15F4FB,,N/A,,,,,,,,,,,,,,,,,,,,,,0,,,,,,,,,,,,,0,,,,,,,,1,,,,,0,0,0,0,0,0,,,,11298,11106,11088,2570,22629,5828,11100,11162,,18111,11098,,,5012,15762,11160,11178,15811,15762,15935,16015,19575,1435084823,50,T-WARR3
15F4FB,,N/A,,,,,,,,,,,,,,,,,,,,,,0,,,,,,,,,,,,,0,,,,,,,,1,,,,,0,0,0,0,0,0,,,,11299,11107,11089,2571,22630,5829,11101,11163,,18112,11099,,,5013,15763,11161,11179,15812,15763,15936,16016,19576,1435084823,50,T-WARR3
15F4FB,,N/A,,,,,,,,,,,,,,,,,,,,,,0,,,,,,,,,,,,,0,,,,,,,,1,,,,,0,0,0,0,0,0,,,,11300,11108,11090,2572,22631,5830,11102,11164,,18113,11100,,,5014,15764,11162,11180,15813,15764,15937,16017,19577,1435084823,48,T-WARR3
15F4FB,,N/A,,,,,,,,,,,,,,,,,,,,,,0,,,,,,,,,,,,,0,,,,,,,,1,,,,,0,0,0,0,0,0,,,,11301,11109,11091,2573,22632,5831,11103,11165,,18114,11101,,,5015,15765,11163,11181,15814,15765,15938,16018,19578,1435084823,48,T-WARR3
15F4FB,,N/A,,,,,,,,,,,,,,,,,,,,,,0,,,,,,,,,,,,,0,,,,,,,,1,,,,,0,0,0,0,0,0,,,,11302,11110,11092,2574,22633,5832,11104,11166,,18115,11102,,,5016,15766,11164,11182,15815,15766,15939,16019,19579,1435084823,46,T-WARR3
15F4FB,,N/A,,,,,,,,,,,,,,,,,,,,,,0,,,,,,,,,,,,,0,,,,,,,,1,,,,,0,0,0,0,0,0,,,,11303,11111,11093,2575,22634,5833,11105,11167,,18116,11103,,,5017,15767,11165,11183,15816,15767,15940,16020,19580,1435084823,46,T-WARR3
15F4FB,,N/A,,,,,,,,,,,,,,,,,,,,,,0,,,,,,,,,,,,,0,,,,,,,,1,,,,,0,0,0,0,0,0,,,,11304,11112,11094,2576,22635,5834,11106,11168,,18117,11104,,,5018,15768,11166,11184,15817,15768,15941,16021,19581,1435084823,44,T-WARR3
15F4FB,,N/A,,,,,,,,,,,,,,,,,,,,,,0,,,,,,,,,,,,,0,,,,,,,,1,,,,,0,0,0,0,0,0,,,,11305,11113,11095,2577,22636,5835,11107,11169,,18118,11105,,,5019,15769,11167,11185,15818,15769,15942,16022,19582,1435084823,44,T-WARR3
15F4FB,,N/A,,,,,,,,,,,,,,,,,,,,,,0,,,,,,,,,,,,,0,,,,,,,,1,,,,,0,0,0,0,0,0,,,,11306,11114,11096,2578,22637,5836,11108,11170,,18119,11106,,,5020,15770,11168,11186,15819,15770,15943,16023,19583,1435084823,42,T-WARR3
15F4FB,,N/A,,,,,,,,,,,,,,,,,,,,,,0,,,,,,,,,,,,,0,,,,,,,,1,,,,,0,0,0,0,0,0,,,,11307,11115,11097,2579,22638,5837,11109,11171,,18120,11107,,,5021,15771,11169,11187,15820,15771,15944,16024,19584,1435084823,42,T-WARR3
15F4FB,,N/A,,,,,,,,,,,,,,,,,,,,,,0,,,,,,,,,,,,,0,,,,,,,,1,,,,,0,0,0,0,0,0,,,,11308,11116,11098,2580,22639,5838,11110,11172,,18121,11108,,,5022,15772,11170,11188,15821,15772,15945,16025,19585,1435084823,40,T-WARR3
15F4FB,,N/A,,,,,,,,,,,,,,,,,,,,,,0,,,,,,,,,,,,,0,,,,,,,,1,,,,,0,0,0,0,0,0,,,,11309,11117,11099,2581,22640,5839,11111,11173,,18122,11109,,,5023,15773,11171,11189,15822,15773,15946,16026,19586,1435084823,40,T-WARR3
15F4FB,,N/A,,,,,,,,,,,,,,,,,,,,,,0,,,,,,,,,,,,,0,,,,,,,,1,,,,,0,0,0,0,0,0,,,,11310,11118,11100,2582,22641,5840,11112,11174,,18123,11110,,,5024,15774,11172,11190,15823,15774,15947,16027,19587,1435084823,38,T-WARR3
15F4FB,,N/A,,,,,,,,,,,,,,,,,,,,,,0,,,,,,,,,,,,,0,,,,,,,,1,,,,,0,0,0,0,0,0,,,,11311,11119,11101,2583,22642,5841,11113,11175,,18124,11111,,,5025,15775,11173,11191,15824,15775,15948,16028,19588,1435084823,38,T-WARR3
15F4FB,,N/A,,,,,,,,,,,,,,,,,,,,,,0,,,,,,,,,,,,,0,,,,,,,,1,,,,,0,0,0,0,0,0,,,,11312,11120,11102,2584,22643,5842,11114,11176,,18125,11112,,,5026,15776,11174,11192,15825,15776,15949,16029,19589,1435084823,36,T-WARR3
15F4FB,,N/A,,,,,,,,,,,,,,,,,,,,,,0,,,,,,,,,,,,,0,,,,,,,,1,,,,,0,0,0,0,0,0,,,,11313,11121,11103,2585,22644,5843,11115,11177,,18126,11113,,,5027,15777,11175,11193,15826,15777,15950,16030,19590,1435084823,36,T-WARR3
15F4FB,,N/A,,,,,,,,,,,,,,,,,,,,,,0,,,,,,,,,,,,,0,,,,,,,,1,,,,,0,0,0,0,0,0,,,,11314,11122,11104,2586,22645,5844,11116,11178,,18127,11114,,,5028,15778,11176,11194,15827,15778,15951,16031,19591,1435084823,34,T-WARR3
15F4FB,,N/A,,,,,,,,,,,,,,,,,,,,,,0,,,,,,,,,,,,,0,,,,,,,,1,,,,,0,0,0,0,0,0,,,,11315,11123,11105,2587,22646,5845,11117,11179,,18128,11115,,,5029,15779,11177,11195,15828,15779,15952,16032,19592,1435084823,34,T-WARR3
15F4FB,,N/A,,,,,,,,,,,,,,,,,,,,,,0,,,,,,,,,,,,,0,,,,,,,,1,,,,,0,0,0,0,0,0,,,,11316,11124,11106,2588,22647,5846,11118,11180,,18129,11116,,,5030,15780,11178,11196,15829,15780,15953,16033,19593,1435084823,32,T-WARR3
15F4FB,,N/A,,,,,,,,,,,,,,,,,,,,,,0,,,,,,,,,,,,,0,,,,,,,,1,,,,,0,0,0,0,0,0,,,,11317,11125,11107,2589,22648,5847,11119,11181,,18130,11117,,,5031,15781,11179,11197,15830,15781,15954,16034,19594,1435084823,32,T-WARR3
15F4FB,,N/A,,,,,,,,,,,,,,,,,,,,,,0,,,,,,,,,,,,,0,,,,,,,,1,,,,,0,0,0,0,0,0,,,,11318,11126,11108,2590,22649,5848,11120,11182,,18131,11118,,,5032,15782,11180,11198,15831,15782,15955,16035,19595,1435084823,30,T-WARR3
15F4FB,,N/A,,,,,,,,,,,,,,,,,,,,,,0,,,,,,,,,,,,,0,,,,,,,,1,,,,,0,0,0,0,0,0,,,,11319,11127,11109,2591,22650,5849,11121,11183,,18132,11119,,,5033,15783,11181,11199,15832,15783,15956,16036,19596,1435084823,30,T-WARR3
15F4FB,,N/A,,,,,,,,,,,,,,,,,,,,,,0,,,,,,,,,,,,,0,,,,,,,,1,,,,,0,0,0,0,0,0,,,,11320,11128,11110,2592,22651,5850,11122,11184,,18133,11120,,,5034,15784,11182,11200,15833,15784,15957,16037,19597,1435084823,28,T-WARR3
15F4FB,,N/A,,,,,,,,,,,,,,,,,,,,,,0,,,,,,,,,,,,,0,,,,,,,,1,,,,,0,0,0,0,0,0,,,,11321,11129,11111,2593,22652,5851,11123,11185,,18134,11121,,,5035,15785,11183,11201,15834,15785,15958,16038,19598,1435084823,28,T-WARR3
15F4FB,,N/A,,,,,,,,,,,,,,,,,,,,,,0,,,,,,,,,,,,,0,,,,,,,,1,,,,,0,0,0,0,0,0,,,,11322,11130,11112,2594,22653,5852,11124,11186,,18135,11122,,,5036,15786,11184,11202,15835,15786,15959,16039,19599,1435084823,26,T-WARR3
15F4FB,,N/A,,,,,,,,,,,,,,,,,,,,,,0,,,,,,,,,,,,,0,,,,,,,,1,,,,,0,0,0,0,0,0,,,,11323,11131,11113,2595,22654,5853,11125,11187,,18136,11123,,,5037,15787,11185,11203,15836,15787,15960,16040,19600,1435084823,26,T-WARR3
15F4FB,,N/A,,,,,,,,,,,,,,,,,,,,,,0,,,,,,,,,,,,,0,,,,,,,,1,,,,,0,0,0,0,0,0,,,,11324,11132,11114,2596,22655,5854,11126,11188,,18137,11124,,,5038,15788,11186,11204,15837,15788,15961,16041,19601,1435084823,24,T-WARR3
15F4FB,,N/A,,,,,,,,,,,,,,,,,,,,,,0,,,,,,,,,,,,,0,,,,,,,,1,,,,,0,0,0,0,0,0,,,,11325,11133,11115,2597,22656,5855,11127,11189,,18138,11125,,,5039,15789,11187,11205,15838,15789,15962,16042,19602,1435084823,24,T-WARR3
15F4FB,,N/A,,,,,,,,,,,,,,,,,,,,,,0,,,,,,,,,,,,,0,,,,,,,,1,,,,,0,0,0,0,0,0,,,,11326,11134,11116,2598,22657,5856,11128,11190,,18139,11126,,,5040,15790,11188,11206,15839,15790,15963,16043,19603,1435084823,22,T-WARR3
15F4FB,,N/A,,,,,,,,,,,,,,,,,,,,,,0,,,,,,,,,,,,,0,,,,,,,,1,,,,,0,0,0,0,0,0,,,,11327,11135,11117,2599,22658,5857,11129,11191,,18140,11127,,,5041,15791,11189,11207,15840,15791,15964,16044,19604,1435084823,22,T-WARR3
15F4FB,,N/A,,,,,,,,,,,,,,,,,,,,,,0,,,,,,,,,,,,,0,,,,,,,,1,,,,,0,0,0,0,0,0,,,,11328,11136,11118,2600,22659,5858,11130,11192,,18141,11128,,,5042,15792,11190,11208,15841,15792,15965,16045,19605,1435084823,20,T-WARR3
15F4FB,,N/A,,,,,,,,,,,,,,,,,,,,,,0,,,,,,,,,,,,,0,,,,,,,,1,,,,,0,0,0,0,0,0,,,,11329,11137,11119,2601,22660,5859,11131,11193,,18142,11129,,,5043,15793,11191,11209,15842,15793,15966,16046,19606,1435084823,20,T-WARR3
15F4FB,,N/A,,,,,,,,,,,,,,,,,,,,,,0,,,,,,,,,,,,,0,,,,,,,,1,,,,,0,0,0,0,0,0,,,,11330,11138,11120,2602,22661,5860,11132,11194,,18143,11130,,,5044,15794,11192,11210,15843,15794,15967,16047,19607,1435084823,20,T-WARR3
15F4FB,,N/A,,,,,,,,,,,,,,,,,,,,,,0,,,,,,,,,,,,,0,,,,,,,,1,,,,,0,0,0,0,0,0,,,,11330,11138,11120,2602,22661,5860,11132,11194,,18143,11130,,,5044,15794,11192,11210,15843,15794,15967,16047,19607,1435084823,18,T-WARR3
15F4FB,,N/A,,,,,,,,,,,,,,,,,,,,,,0,,,,,,,,,,,,,0,,,,,,,,1,,,,,0,0,0,0,0,0,,,,11331,11139,11121,2603,22662,5861,11133,11195,,18144,11131,,,5045,15795,11193,11211,15844,15795,15968,16048,19608,1435084823,18,T-WARR3
15F4FB,,N/A,,,,,,,,,,,,,,,,,,,,,,0,,,,,,,,,,,,,0,,,,,,,,1,,,,,0,0,0,0,0,0,,,,11332,11140,11122,2604,22663,5862,11134,11196,,18145,11132,,,5046,15796,11194,11212,15845,15796,15969,16049,19609,1435084823,16,T-WARR3
15F4FB,,N/A,,,,,,,,,,,,,,,,,,,,,,0,,,,,,,,,,,,,0,,,,,,,,1,,,,,0,0,0,0,0,0,,,,11333,11141,11123,2605,22664,5863,11135,11197,,18146,11133,,,5047,15797,11195,11213,15846,15797,15970,16050,19610,1435084823,16,T-WARR3
15F4FB,,N/A,,,,,,,,,,,,,,,,,,,,,,0,,,,,,,,,,,,,0,,,,,,,,1,,,,,0,0,0,0,0,0,,,,11334,11142,11124,2606,22665,5864,11136,11198,,18147,11134,,,5048,15798,11196,11214,15847,15798,15971,16051,19611,1435084823,14,T-WARR3
15F4FB,,N/A,,,,,,,,,,,,,,,,,,,,,,0,,,,,,,,,,,,,0,,,,,,,,1,,,,,0,0,0,0,0,0,,,,11335,11143,11125,2607,22666,5865,11137,11199,,18148,11135,,,5049,15799,11197,11215,15848,15799,15972,16052,19612,1435084823,14,T-WARR3
15F4FB,,N/A,,,,,,,,,,,,,,,,,,,,,,0,,,,,,,,,,,,,0,,,,,,,,1,,,,,0,0,0,0,0,0,,,,11336,11144,11126,2608,22667,5866,11138,11200,,18149,11136,,,5050,15800,11198,11216,15849,15800,15973,16053,19613,1435084823,12,T-WARR3
15F4FB,,N/A,,,,,,,,,,,,,,,,,,,,,,0,,,,,,,,,,,,,0,,,,,,,,1,,,,,0,0,0,0,0,0,,,,11337,11145,11127,2609,22668,5867,11139,11201,,18150,11137,,,5051,15801,11199,11217,15850,15801,15974,16054,19614,1435084823,12,T-WARR3
15F4FB,,N/A,,,,,,,,,,,,,,,,,,,,,,0,,,,,,,,,,,,,0,,,,,,,,1,,,,,0,0,0,0,0,0,,,,11338,11146,11128,2610,22669,5868,11140,11202,,18151,11138,,,5052,15802,11200,11218,15851,15802,15975,16055,19615,1435084823,10,T-WARR3
15F4FB,,N/A,,,,,,,,,,,,,,,,,,,,,,0,,,,,,,,,,,,,0,,,,,,,,1,,,,,0,0,0,0,0,0,,,,11339,11147,11129,2611,22670,5869,11141,11203,,18152,11139,,,5053,15803,11201,11219,15852,15803,15976,16056,19616,1435084823,10,T-WARR3
15F4FB,,N/A,,,,,,,,,,,,,,,,,,,,,,0,,,,,,,,,,,,,0,,,,,,,,1,,,,,0,0,0,0,0,0,,,,11340,11148,11130,2612,22671,5870,11142,11204,,18153,11140,,,5054,15804,11202,11220,15853,15804,15977,16057,19617,1435084823,8,T-WARR3
15F4FB,,N/A,,,,,,,,,,,,,,,,,,,,,,0,,,,,,,,,,,,,0,,,,,,,,1,,,,,0,0,0,0,0,0,,,,11341,11149,11131,2613,22672,5871,11143,11205,,18154,11141,,,5055,15805,11203,11221,15854,15805,15978,16058,19618,1435084823,8,T-WARR3
15F4FB,,N/A,,,,,,,,,,,,,,,,,,,,,,0,,,,,,,,,,,,,0,,,,,,,,1,,,,,0,0,0,0,0,0,,,,11342,11150,11132,2614,22673,5872,11144,11206,,18155,11142,,,5056,15806,11204,11222,15855,15806,15979,16059,19619,1435084823,6,T-WARR3
15F4FB,,N/A,,,,,,,,,,,,,,,,,,,,,,0,,,,,,,,,,,,,0,,,,,,,,1,,,,,0,0,0,0,0,0,,,,11343,11151,11133,2615,22674,5873,11145,11207,,18156,11143,,,5057,15807,11205,11223,15856,15807,15980,16060,19620,1435084823,6,T-WARR3
15F4FB,,N/A,,,,,,,,,,,,,,,,,,,,,,0,,,,,,,,,,,,,0,,,,,,,,1,,,,,0,0,0,0,0,0,,,,11344,11152,11134,2616,22675,5874,11146,11208,,18157,11144,,,5058,15808,11206,11224,15857,15808,15981,16061,19621,1435084823,4,T-WARR3
15F4FB,,N/A,,,,,,,,,,,,,,,,,,,,,,0,,,,,,,,,,,,,0,,,,,,,,1,,,,,0,0,0,0,0,0,,,,11345,11153,11135,2617,22676,5875,11147,11209,,18158,11145,,,5059,15809,11207,11225,15858,15809,15982,16062,19622,1435084823,4,T-WARR3
15F4FB,,N/A,,,,,,,,,,,,,,,,,,,,,,0,,,,,,,,,,,,,0,,,,,,,,1,,,,,0,0,0,0,0,0,,,,11346,11154,11136,2618,22677,5876,11148,11210,,18159,11146,,,5060,15810,11208,11226,15859,15810,15983,16063,19623,1435084823,2,T-WARR3
15F4FB,,N/A,,,,,,,,,,,,,,,,,,,,,,0,,,,,,,,,,,,,0,,,,,,,,1,,,,,0,0,0,0,0,0,,,,11347,11155,11137,2619,22678,5877,11149,11211,,18160,11147,,,5061,15811,11209,11227,15860,15811,15984,16064,19624,1435084823,2,T-WARR3
15F4FB,,N/A,,,,,,,,,,,,,,,,,,,,,,0,,,,,,,,,,,,,0,,,,,,,,1,,,,,0,0,0,0,0,0,,,,11348,11156,11138,2620,22679,5878,11150,11212,,18161,11148,,,5062,15812,11210,11228,15861,15812,15985,16065,19625,1435084823,0,T-WARR3
15F4FB,,N/A,,,,,,,,,,,,,,,,,,,,,,0,,,,,,,,,,,,,0,,,,,,,,1,,,,,0,0,0,0,0,0,,,,11349,11157,11139,2621,22680,5879,11151,11213,,18162,11149,,,5063,15813,11211,11229,15862,15813,15986,16066,19626,1435084823,0,T-WARR3
AC1D1A,,N/A,,,,,,,,,,,,,,,,,,,,,,0,,,,,,,,,,,,,0,,,,,,,,0,,,,,0,0,0,0,0,0,,,,644305,644330,644346,644305,,644314,644316,644342,,,644314,,,,,,,,,,,,1434443918,60,T-WARR5
AC1D1A,,N/A,,,,,,,,,,,,,,,,,,,,,,0,,,,,,,,,,,,,0,,,,,,,,0,,,,,0,0,0,0,0,0,,,,644305,644330,644346,644305,,644314,644316,644342,,,644314,,,,,,,,,,,,1434443918,58,T-WARR5
AC1D1A,,N/A,,,,,,,,,,,,,,,,,,,,,,0,,,,,,,,,,,,,0,,,,,,,,0,,,,,0,0,0,0,0,0,,,,644306,644331,644347,644306,,644315,644317,644343,,,644315,,,,,,,,,,,,1434443918,58,T-WARR5
AC1D1A,,N/A,,,,,,,,,,,,,,,,,,,,,,0,,,,,,,,,,,,,0,,,,,,,,0,,,,,0,0,0,0,0,0,,,,644307,644332,644348,644307,,644316,644318,644344,,,644316,,,,,,,,,,,,1434443918,58,T-WARR5
AC1D1A,,N/A,,,,,,,,,,,,,,,,,,,,,,0,,,,,,,,,,,,,0,,,,,,,,0,,,,,0,0,0,0,0,0,,,,644307,644332,644348,644307,,644316,644318,644344,,,644316,,,,,,,,,,,,1434443918,56,T-WARR5
AC1D1A,,N/A,,,,,,,,,,,,,,,,,,,,,,0,,,,,,,,,,,,,0,,,,,,,,0,,,,,0,0,0,0,0,0,,,,644308,644333,644349,644308,,644317,644319,644345,,,644317,,,,,,,,,,,,1434443918,56,T-WARR5
AC1D1A,,N/A,,,,,,,,,,,,,,,,,,,,,,0,,,,,,,,,,,,,0,,,,,,,,0,,,,,0,0,0,0,0,0,,,,644309,644334,644350,644309,,644318,644320,644346,,,644318,,,,,,,,,,,,1434443918,56,T-WARR5
AC1D1A,,N/A,,,,,,,,,,,,,,,,,,,,,,0,,,,,,,,,,,,,0,,,,,,,,0,,,,,0,0,0,0,0,0,,,,644309,644334,644350,644309,,644318,644320,644346,,,644318,,,,,,,,,,,,1434443918,54,T-WARR5
AC1D1A,,N/A,,,,,,,,,,,,,,,,,,,,,,0,,,,,,,,,,,,,0,,,,,,,,0,,,,,0,0,0,0,0,0,,,,644310,644335,644351,644310,,644319,644321,644347,,,644319,,,,,,,,,,,,1434443918,54,T-WARR5
AC1D1A,,N/A,,,,,,,,,,,,,,,,,,,,,,0,,,,,,,,,,,,,0,,,,,,,,0,,,,,0,0,0,0,0,0,,,,644311,644336,644352,644311,,644320,644322,644348,,,644320,,,,,,,,,,,,1434443918,54,T-WARR5
AC1D1A,,N/A,,,,,,,,,,,,,,,,,,,,,,0,,,,,,,,,,,,,0,,,,,,,,0,,,,,0,0,0,0,0,0,,,,644311,644336,644352,644311,,644320,644322,644348,,,644320,,,,,,,,,,,,1434443918,52,T-WARR5
AC1D1A,,N/A,,,,,,,,,,,,,,,,,,,,,,0,,,,,,,,,,,,,0,,,,,,,,0,,,,,0,0,0,0,0,0,,,,644312,644337,644353,644312,,644321,644323,644349,,,644321,,,,,,,,,,,,1434443918,52,T-WARR5
AC1D1A,,N/A,,,,,,,,,,,,,,,,,,,,,,0,,,,,,,,,,,,,0,,,,,,,,0,,,,,0,0,0,0,0,0,,,,644313,644338,644354,644313,,644322,644324,644350,,,644322,,,,,,,,,,,,1434443918,52,T-WARR5
AC1D1A,,N/A,,,,,,,,,,,,,,,,,,,,,,0,,,,,,,,,,,,,0,,,,,,,,0,,,,,0,0,0,0,0,0,,,,644313,644338,644354,644313,,644322,644324,644350,,,644322,,,,,,,,,,,,1434443918,50,T-WARR5
AC1D1A,,N/A,,,,,,,,,,,,,,,,,,,,,,0,,,,,,,,,,,,,0,,,,,,,,0,,,,,0,0,0,0,0,0,,,,644314,644339,644355,644314,,644323,644325,644351,,,644323,,,,,,,,,,,,1434443918,50,T-WARR5
AC1D1A,,N/A,,,,,,,,,,,,,,,,,,,,,,0,,,,,,,,,,,,,0,,,,,,,,0,,,,,0,0,0,0,0,0,,,,644315,644340,644356,644315,,644324,644326,644352,,,644324,,,,,,,,,,,,1434443918,50,T-WARR5
AC1D1A,,N/A,,,,,,,,,,,,,,,,,,,,,,0,,,,,,,,,,,,,0,,,,,,,,0,,,,,0,0,0,0,0,0,,,,644315,644340,644356,644315,,644324,644326,644352,,,644324,,,,,,,,,,,,1434443918,48,T-WARR5
AC1D1A,,N/A,,,,,,,,,,,,,,,,,,,,,,0,,,,,,,,,,,,,0,,,,,,,,0,,,,,0,0,0,0,0,0,,,,644316,644341,644357,644316,,644325,644327,644353,,,644325,,,,,,,,,,,,1434443918,48,T-WARR5
AC1D1A,,N/A,,,,,,,,,,,,,,,,,,,,,,0,,,,,,,,,,,,,0,,,,,,,,0,,,,,0,0,0,0,0,0,,,,644317,644342,644358,644317,,644326,644328,644354,,,644326,,,,,,,,,,,,1434443918,48,T-WARR5
AC1D1A,,N/A,,,,,,,,,,,,,,,,,,,,,,0,,,,,,,,,,,,,0,,,,,,,,0,,,,,0,0,0,0,0,0,,,,644317,644342,644358,644317,,644326,644328,644354,,,644326,,,,,,,,,,,,1434443918,46,T-WARR5
AC1D1A,,N/A,,,,,,,,,,,,,,,,,,,,,,0,,,,,,,,,,,,,0,,,,,,,,0,,,,,0,0,0,0,0,0,,,,644318,644343,644359,644318,,644327,644329,644355,,,644327,,,,,,,,,,,,1434443918,46,T-WARR5
AC1D1A,,N/A,,,,,,,,,,,,,,,,,,,,,,0,,,,,,,,,,,,,0,,,,,,,,0,,,,,0,0,0,0,0,0,,,,644319,644344,644360,644319,,644328,644330,644356,,,644328,,,,,,,,,,,,1434443918,46,T-WARR5
AC1D1A,,N/A,,,,,,,,,,,,,,,,,,,,,,0,,,,,,,,,,,,,0,,,,,,,,0,,,,,0,0,0,0,0,0,,,,644319,644344,644360,644319,,644328,644330,644356,,,644328,,,,,,,,,,,,1434443918,44,T-WARR5
AC1D1A,,N/A,,,,,,,,,,,,,,,,,,,,,,0,,,,,,,,,,,,,0,,,,,,,,0,,,,,0,0,0,0,0,0,,,,644320,644345,644361,644320,,644329,644331,644357,,,644329,,,,,,,,,,,,1434443918,44,T-WARR5
AC1D1A,,N/A,,,,,,,,,,,,,,,,,,,,,,0,,,,,,,,,,,,,0,,,,,,,,0,,,,,0,0,0,0,0,0,,,,644321,644346,644362,644321,,644330,644332,644358,,,644330,,,,,,,,,,,,1434443918,44,T-WARR5
AC1D1A,,N/A,,,,,,,,,,,,,,,,,,,,,,0,,,,,,,,,,,,,0,,,,,,,,0,,,,,0,0,0,0,0,0,,,,644322,644347,644363,644322,,644331,644333,644359,,,644331,,,,,,,,,,,,1434443918,42,T-WARR5
AC1D1A,,N/A,,,,,,,,,,,,,,,,,,,,,,0,,,,,,,,,,,,,0,,,,,,,,0,,,,,0,0,0,0,0,0,,,,644323,644348,644364,644323,,644332,644334,644360,,,644332,,,,,,,,,,,,1434443918,42,T-WARR5
AC1D1A,,N/A,,,,,,,,,,,,,,,,,,,,,,0,,,,,,,,,,,,,0,,,,,,,,0,,,,,0,0,0,0,0,0,,,,644323,644348,644364,644323,,644332,644334,644360,,,644332,,,,,,,,,,,,1434443918,40,T-WARR5
AC1D1A,,N/A,,,,,,,,,,,,,,,,,,,,,,0,,,,,,,,,,,,,0,,,,,,,,0,,,,,0,0,0,0,0,0,,,,644324,644349,644365,644324,,644333,644335,644361,,,644333,,,,,,,,,,,,1434443918,40,T-WARR5
AC1D1A,,N/A,,,,,,,,,,,,,,,,,,,,,,0,,,,,,,,,,,,,0,,,,,,,,0,,,,,0,0,0,0,0,0,,,,644325,644350,644366,644325,,644334,644336,644362,,,644334,,,,,,,,,,,,1434443918,40,T-WARR5
AC1D1A,,N/A,,,,,,,,,,,,,,,,,,,,,,0,,,,,,,,,,,,,0,,,,,,,,0,,,,,0,0,0,0,0,0,,,,644325,644350,644366,644325,,644334,644336,644362,,,644334,,,,,,,,,,,,1434443918,38,T-WARR5
AC1D1A,,N/A,,,,,,,,,,,,,,,,,,,,,,0,,,,,,,,,,,,,0,,,,,,,,0,,,,,0,0,0,0,0,0,,,,644326,644351,644367,644326,,644335,644337,644363,,,644335,,,,,,,,,,,,1434443918,38,T-WARR5
AC1D1A,,N/A,,,,,,,,,,,,,,,,,,,,,,0,,,,,,,,,,,,,0,,,,,,,,0,,,,,0,0,0,0,0,0,,,,644327,644352,644368,644327,,644336,644338,644364,,,644336,,,,,,,,,,,,1434443918,38,T-WARR5
AC1D1A,,N/A,,,,,,,,,,,,,,,,,,,,,,0,,,,,,,,,,,,,0,,,,,,,,0,,,,,0,0,0,0,0,0,,,,644327,644352,644368,644327,,644336,644338,644364,,,644336,,,,,,,,,,,,1434443918,36,T-WARR5
AC1D1A,,N/A,,,,,,,,,,,,,,,,,,,,,,0,,,,,,,,,,,,,0,,,,,,,,0,,,,,0,0,0,0,0,0,,,,644328,644353,644369,644328,,644337,644339,644365,,,644337,,,,,,,,,,,,1434443918,36,T-WARR5
AC1D1A,,N/A,,,,,,,,,,,,,,,,,,,,,,0,,,,,,,,,,,,,0,,,,,,,,0,,,,,0,0,0,0,0,0,,,,644329,644354,644370,644329,,644338,644340,644366,,,644338,,,,,,,,,,,,1434443918,36,T-WARR5
AC1D1A,,N/A,,,,,,,,,,,,,,,,,,,,,,0,,,,,,,,,,,,,0,,,,,,,,0,,,,,0,0,0,0,0,0,,,,644329,644354,644370,644329,,644338,644340,644366,,,644338,,,,,,,,,,,,1434443918,34,T-WARR5
AC1D1A,,N/A,,,,,,,,,,,,,,,,,,,,,,0,,,,,,,,,,,,,0,,,,,,,,0,,,,,0,0,0,0,0,0,,,,644330,644355,644371,644330,,644339,644341,644367,,,644339,,,,,,,,,,,,1434443918,34,T-WARR5
AC1D1A,,N/A,,,,,,,,,,,,,,,,,,,,,,0,,,,,,,,,,,,,0,,,,,,,,0,,,,,0,0,0,0,0,0,,,,644331,644356,644372,644331,,644340,644342,644368,,,644340,,,,,,,,,,,,1434443918,34,T-WARR5
AC1D1A,,N/A,,,,,,,,,,,,,,,,,,,,,,0,,,,,,,,,,,,,0,,,,,,,,0,,,,,0,0,0,0,0,0,,,,644331,644356,644372,644331,,644340,644342,644368,,,644340,,,,,,,,,,,,1434443918,32,T-WARR5
AC1D1A,,N/A,,,,,,,,,,,,,,,,,,,,,,0,,,,,,,,,,,,,0,,,,,,,,0,,,,,0,0,0,0,0,0,,,,644332,644357,644373,644332,,644341,644343,644369,,,644341,,,,,,,,,,,,1434443918,32,T-WARR5
AC1D1A,,N/A,,,,,,,,,,,,,,,,,,,,,,0,,,,,,,,,,,,,0,,,,,,,,0,,,,,0,0,0,0,0,0,,,,644333,644358,644374,644333,,644342,644344,644370,,,644342,,,,,,,,,,,,1434443918,32,T-WARR5
AC1D1A,,N/A,,,,,,,,,,,,,,,,,,,,,,0,,,,,,,,,,,,,0,,,,,,,,0,,,,,0,0,0,0,0,0,,,,644333,644358,644374,644333,,644342,644344,644370,,,644342,,,,,,,,,,,,1434443918,30,T-WARR5
AC1D1A,,N/A,,,,,,,,,,,,,,,,,,,,,,0,,,,,,,,,,,,,0,,,,,,,,0,,,,,0,0,0,0,0,0,,,,644334,644359,644375,644334,,644343,644345,644371,,,644343,,,,,,,,,,,,1434443918,30,T-WARR5
AC1D1A,,N/A,,,,,,,,,,,,,,,,,,,,,,0,,,,,,,,,,,,,0,,,,,,,,0,,,,,0,0,0,0,0,0,,,,644335,644360,644376,644335,,644344,644346,644372,,,644344,,,,,,,,,,,,1434443918,30,T-WARR5
AC1D1A,,N/A,,,,,,,,,,,,,,,,,,,,,,0,,,,,,,,,,,,,0,,,,,,,,0,,,,,0,0,0,0,0,0,,,,644335,644360,644376,644335,,644344,644346,644372,,,644344,,,,,,,,,,,,1434443918,28,T-WARR5
AC1D1A,,N/A,,,,,,,,,,,,,,,,,,,,,,0,,,,,,,,,,,,,0,,,,,,,,0,,,,,0,0,0,0,0,0,,,,644336,644361,644377,644336,,644345,644347,644373,,,644345,,,,,,,,,,,,1434443918,28,T-WARR5
AC1D1A,,N/A,,,,,,,,,,,,,,,,,,,,,,0,,,,,,,,,,,,,0,,,,,,,,0,,,,,0,0,0,0,0,0,,,,644337,644362,644378,644337,,644346,644348,644374,,,644346,,,,,,,,,,,,1434443918,28,T-WARR5
AC1D1A,,N/A,,,,,,,,,,,,,,,,,,,,,,0,,,,,,,,,,,,,0,,,,,,,,0,,,,,0,0,0,0,0,0,,,,644337,644362,644378,644337,,644346,644348,644374,,,644346,,,,,,,,,,,,1434443918,26,T-WARR5
AC1D1A,,N/A,,,,,,,,,,,,,,,,,,,,,,0,,,,,,,,,,,,,0,,,,,,,,0,,,,,0,0,0,0,0,0,,,,644338,644363,644379,644338,,644347,644349,644375,,,644347,,,,,,,,,,,,1434443918,26,T-WARR5
AC1D1A,,N/A,,,,,,,,,,,,,,,,,,,,,,0,,,,,,,,,,,,,0,,,,,,,,0,,,,,0,0,0,0,0,0,,,,644339,644364,644380,644339,,644348,644350,644376,,,644348,,,,,,,,,,,,1434443918,26,T-WARR5
AC1D1A,,N/A,,,,,,,,,,,,,,,,,,,,,,0,,,,,,,,,,,,,0,,,,,,,,0,,,,,0,0,0,0,0,0,,,,644339,644364,644380,644339,,644348,644350,644376,,,644348,,,,,,,,,,,,1434443918,24,T-WARR5
AC1D1A,,N/A,,,,,,,,,,,,,,,,,,,,,,0,,,,,,,,,,,,,0,,,,,,,,0,,,,,0,0,0,0,0,0,,,,644340,644365,644381,644340,,644349,644351,644377,,,644349,,,,,,,,,,,,1434443918,24,T-WARR5
AC1D1A,,N/A,,,,,,,,,,,,,,,,,,,,,,0,,,,,,,,,,,,,0,,,,,,,,0,,,,,0,0,0,0,0,0,,,,644341,644366,644382,644341,,644350,644352,644378,,,644350,,,,,,,,,,,,1434443918,24,T-WARR5
AC1D1A,,N/A,,,,,,,,,,,,,,,,,,,,,,0,,,,,,,,,,,,,0,,,,,,,,0,,,,,0,0,0,0,0,0,,,,644342,644367,644383,644342,,644351,644353,644379,,,644351,,,,,,,,,,,,1434443918,22,T-WARR5
AC1D1A,,N/A,,,,,,,,,,,,,,,,,,,,,,0,,,,,,,,,,,,,0,,,,,,,,0,,,,,0,0,0,0,0,0,,,,644343,644368,644384,644343,,644352,644354,644380,,,644352,,,,,,,,,,,,1434443918,22,T-WARR5
AC1D1A,,N/A,,,,,,,,,,,,,,,,,,,,,,0,,,,,,,,,,,,,0,,,,,,,,0,,,,,0,0,0,0,0,0,,,,644343,644368,644384,644343,,644352,644354,644380,,,644352,,,,,,,,,,,,1434443918,20,T-WARR5
AC1D1A,,N/A,,,,,,,,,,,,,,,,,,,,,,0,,,,,,,,,,,,,0,,,,,,,,0,,,,,0,0,0,0,0,0,,,,644344,644369,644385,644344,,644353,644355,644381,,,644353,,,,,,,,,,,,1434443918,20,T-WARR5
AC1D1A,,N/A,,,,,,,,,,,,,,,,,,,,,,0,,,,,,,,,,,,,0,,,,,,,,0,,,,,0,0,0,0,0,0,,,,644345,644370,644386,644345,,644354,644356,644382,,,644354,,,,,,,,,,,,1434443918,20,T-WARR5
AC1D1A,,N/A,,,,,,,,,,,,,,,,,,,,,,0,,,,,,,,,,,,,0,,,,,,,,0,,,,,0,0,0,0,0,0,,,,644346,644371,644387,644346,,644355,644357,644383,,,644355,,,,,,,,,,,,1434443918,18,T-WARR5
AC1D1A,,N/A,,,,,,,,,,,,,,,,,,,,,,0,,,,,,,,,,,,,0,,,,,,,,0,,,,,0,0,0,0,0,0,,,,644347,644372,644388,644347,,644356,644358,644384,,,644356,,,,,,,,,,,,1434443918,18,T-WARR5
AC1D1A,,N/A,,,,,,,,,,,,,,,,,,,,,,0,,,,,,,,,,,,,0,,,,,,,,0,,,,,0,0,0,0,0,0,,,,644348,644373,644389,644348,,644357,644359,644385,,,644357,,,,,,,,,,,,1434443918,16,T-WARR5
AC1D1A,,N/A,,,,,,,,,,,,,,,,,,,,,,0,,,,,,,,,,,,,0,,,,,,,,0,,,,,0,0,0,0,0,0,,,,644349,644374,644390,644349,,644358,644360,644386,,,644358,,,,,,,,,,,,1434443918,16,T-WARR5
AC1D1A,,N/A,,,,,,,,,,,,,,,,,,,,,,0,,,,,,,,,,,,,0,,,,,,,,0,,,,,0,0,0,0,0,0,,,,644350,644375,644391,644350,,644359,644361,644387,,,644359,,,,,,,,,,,,1434443918,14,T-WARR5
AC1D1A,,N/A,,,,,,,,,,,,,,,,,,,,,,0,,,,,,,,,,,,,0,,,,,,,,0,,,,,0,0,0,0,0,0,,,,644351,644376,644392,644351,,644360,644362,644388,,,644360,,,,,,,,,,,,1434443918,14,T-WARR5
AC1D1A,,N/A,,,,,,,,,,,,,,,,,,,,,,0,,,,,,,,,,,,,0,,,,,,,,0,,,,,0,0,0,0,0,0,,,,644352,644377,644393,644352,,644361,644363,644389,,,644361,,,,,,,,,,,,1434443918,12,T-WARR5
AC1D1A,,N/A,,,,,,,,,,,,,,,,,,,,,,0,,,,,,,,,,,,,0,,,,,,,,0,,,,,0,0,0,0,0,0,,,,644353,644378,644394,644353,,644362,644364,644390,,,644362,,,,,,,,,,,,1434443918,12,T-WARR5
AC1D1A,,N/A,,,,,,,,,,,,,,,,,,,,,,0,,,,,,,,,,,,,0,,,,,,,,0,,,,,0,0,0,0,0,0,,,,644354,644379,644395,644354,,644363,644365,644391,,,644363,,,,,,,,,,,,1434443918,10,T-WARR5
AC1D1A,,N/A,,,,,,,,,,,,,,,,,,,,,,0,,,,,,,,,,,,,0,,,,,,,,0,,,,,0,0,0,0,0,0,,,,644355,644380,644396,644355,,644364,644366,644392,,,644364,,,,,,,,,,,,1434443918,10,T-WARR5
AC1D1A,,N/A,,,,,,,,,,,,,,,,,,,,,,0,,,,,,,,,,,,,0,,,,,,,,0,,,,,0,0,0,0,0,0,,,,644356,644381,644397,644356,,644365,644367,644393,,,644365,,,,,,,,,,,,1434443918,8,T-WARR5
AC1D1A,,N/A,,,,,,,,,,,,,,,,,,,,,,0,,,,,,,,,,,,,0,,,,,,,,0,,,,,0,0,0,0,0,0,,,,644357,644382,644398,644357,,644366,644368,644394,,,644366,,,,,,,,,,,,1434443918,8,T-WARR5
AC1D1A,,N/A,,,,,,,,,,,,,,,,,,,,,,0,,,,,,,,,,,,,0,,,,,,,,0,,,,,0,0,0,0,0,0,,,,644358,644383,644399,644358,,644367,644369,644395,,,644367,,,,,,,,,,,,1434443918,6,T-WARR5
AC1D1A,,N/A,,,,,,,,,,,,,,,,,,,,,,0,,,,,,,,,,,,,0,,,,,,,,0,,,,,0,0,0,0,0,0,,,,644359,644384,644400,644359,,644368,644370,644396,,,644368,,,,,,,,,,,,1434443918,6,T-WARR5
AC1D1A,,N/A,,,,,,,,,,,,,,,,,,,,,,0,,,,,,,,,,,,,0,,,,,,,,0,,,,,0,0,0,0,0,0,,,,644360,644385,644401,644360,,644369,644371,644397,,,644369,,,,,,,,,,,,1434443918,4,T-WARR5
AC1D1A,,N/A,,,,,,,,,,,,,,,,,,,,,,0,,,,,,,,,,,,,0,,,,,,,,0,,,,,0,0,0,0,0,0,,,,644361,644386,644402,644361,,644370,644372,644398,,,644370,,,,,,,,,,,,1434443918,4,T-WARR5
AC1D1A,,N/A,,,,,,,,,,,,,,,,,,,,,,0,,,,,,,,,,,,,0,,,,,,,,0,,,,,0,0,0,0,0,0,,,,644362,644387,644403,644362,,644371,644373,644399,,,644371,,,,,,,,,,,,1434443918,2,T-WARR5
AC1D1A,,N/A,,,,,,,,,,,,,,,,,,,,,,0,,,,,,,,,,,,,0,,,,,,,,0,,,,,0,0,0,0,0,0,,,,644363,644388,644404,644363,,644372,644374,644400,,,644372,,,,,,,,,,,,1434443918,2,T-WARR5
AC1D1A,,N/A,,,,,,,,,,,,,,,,,,,,,,0,,,,,,,,,,,,,0,,,,,,,,0,,,,,0,0,0,0,0,0,,,,644364,644389,644405,644364,,644373,644375,644401,,,644373,,,,,,,,,,,,1434443918,0,T-WARR5
AC1D1A,,N/A,,,,,,,,,,,,,,,,,,,,,,0,,,,,,,,,,,,,0,,,,,,,,0,,,,,0,0,0,0,0,0,,,,644365,644390,644406,644365,,644374,644376,644402,,,644374,,,,,,,,,,,,1434443918,0,T-WARR5
0CA1D0,,N/A,,,,,,,,,,,,,,,,,,,,,,0,257,,,,,,,,,,,,0,,,,,,,,0,,,,17,0,0,0,0,0,0,,,,5856,3270,3240,3236,19981,2154,3230,3330,,,3254,3322,,3264,3314,3302,3306,3500,3240,3258,3314,3280,1435086293,60,T-WARR3
0CA1D0,,N/A,,,,,,,,,,,,,,,,,,,,,,0,257,,,,,,,,,,,,0,,,,,,,,0,,,,17,0,0,0,0,0,0,,,,5857,3271,3241,3237,19982,2155,3231,3331,,,3255,3323,,3265,3315,3303,3307,3501,3241,3259,3315,3281,1435086293,60,T-WARR3
0CA1D0,,N/A,,,,,,,,,,,,,,,,,,,,,,0,257,,,,,,,,,,,,0,,,,,,,,0,,,,17,0,0,0,0,0,0,,,,5858,3272,3242,3238,19983,2156,3232,3332,,,3256,3324,,3266,3316,3304,3308,3502,3242,3260,3316,3282,1435086293,58,T-WARR3
0CA1D0,,N/A,,,,,,,,,,,,,,,,,,,,,,0,257,,,,,,,,,,,,0,,,,,,,,0,,,,17,0,0,0,0,0,0,,,,5859,3273,3243,3239,19984,2157,3233,3333,,,3257,3325,,3267,3317,3305,3309,3503,3243,3261,3317,3283,1435086293,58,T-WARR3
0CA1D0,,N/A,,,,,,,,,,,,,,,,,,,,,,0,257,,,,,,,,,,,,0,,,,,,,,0,,,,17,0,0,0,0,0,0,,,,5860,3274,3244,3240,19985,2158,3234,3334,,,3258,3326,,3268,3318,3306,3310,3504,3244,3262,3318,3284,1435086293,56,T-WARR3
0CA1D0,,N/A,,,,,,,,,,,,,,,,,,,,,,0,257,,,,,,,,,,,,0,,,,,,,,0,,,,17,0,0,0,0,0,0,,,,5861,3275,3245,3241,19986,2159,3235,3335,,,3259,3327,,3269,3319,3307,3311,3505,3245,3263,3319,3285,1435086293,56,T-WARR3
0CA1D0,,N/A,,,,,,,,,,,,,,,,,,,,,,0,257,,,,,,,,,,,,0,,,,,,,,0,,,,17,0,0,0,0,0,0,,,,5862,3276,3246,3242,19987,2160,3236,3336,,,3260,3328,,3270,3320,3308,3312,3506,3246,3264,3320,3286,1435086293,54,T-WARR3
0CA1D0,,N/A,,,,,,,,,,,,,,,,,,,,,,0,257,,,,,,,,,,,,0,,,,,,,,0,,,,17,0,0,0,0,0,0,,,,5863,3277,3247,3243,19988,2161,3237,3337,,,3261,3329,,3271,3321,3309,3313,3507,3247,3265,3321,3287,1435086293,54,T-WARR3
0CA1D0,,N/A,,,,,,,,,,,,,,,,,,,,,,0,257,,,,,,,,,,,,0,,,,,,,,0,,,,17,0,0,0,0,0,0,,,,5864,3278,3248,3244,19989,2162,3238,3338,,,3262,3330,,3272,3322,3310,3314,3508,3248,3266,3322,3288,1435086293,52,T-WARR3
0CA1D0,,N/A,,,,,,,,,,,,,,,,,,,,,,0,257,,,,,,,,,,,,0,,,,,,,,0,,,,17,0,0,0,0,0,0,,,,5865,3279,3249,3245,19990,2163,3239,3339,,,3263,3331,,3273,3323,3311,3315,3509,3249,3267,3323,3289,1435086293,52,T-WARR3
0CA1D0,,N/A,,,,,,,,,,,,,,,,,,,,,,0,257,,,,,,,,,,,,0,,,,,,,,0,,,,17,0,0,0,0,0,0,,,,5866,3280,3250,3246,19991,2164,3240,3340,,,3264,3332,,3274,3324,3312,3316,3510,3250,3268,3324,3290,1435086293,50,T-WARR3
0CA1D0,,N/A,,,,,,,,,,,,,,,,,,,,,,0,257,,,,,,,,,,,,0,,,,,,,,0,,,,17,0,0,0,0,0,0,,,,5867,3281,3251,3247,19992,2165,3241,3341,,,3265,3333,,3275,3325,3313,3317,3511,3251,3269,3325,3291,1435086293,50,T-WARR3
0CA1D0,,N/A,,,,,,,,,,,,,,,,,,,,,,0,257,,,,,,,,,,,,0,,,,,,,,0,,,,17,0,0,0,0,0,0,,,,5868,3282,3252,3248,19993,2166,3242,3342,,,3266,3334,,3276,3326,3314,3318,3512,3252,3270,3326,3292,1435086293,48,T-WARR3
0CA1D0,,N/A,,,,,,,,,,,,,,,,,,,,,,0,257,,,,,,,,,,,,0,,,,,,,,0,,,,17,0,0,0,0,0,0,,,,5869,3283,3253,3249,19994,2167,3243,3343,,,3267,3335,,3277,3327,3315,3319,3513,3253,3271,3327,3293,1435086293,48,T-WARR3
0CA1D0,,N/A,,,,,,,,,,,,,,,,,,,,,,0,257,,,,,,,,,,,,0,,,,,,,,0,,,,17,0,0,0,0,0,0,,,,5870,3284,3254,3250,19995,2168,3244,3344,,,3268,3336,,3278,3328,3316,3320,3514,3254,3272,3328,3294,1435086293,46,T-WARR3
0CA1D0,,N/A,,,,,,,,,,,,,,,,,,,,,,0,257,,,,,,,,,,,,0,,,,,,,,0,,,,17,0,0,0,0,0,0,,,,5871,3285,3255,3251,19996,2169,3245,3345,,,3269,3337,,3279,3329,3317,3321,3515,3255,3273,3329,3295,1435086293,46,T-WARR3
0CA1D0,,N/A,,,,,,,,,,,,,,,,,,,,,,0,257,,,,,,,,,,,,0,,,,,,,,0,,,,17,0,0,0,0,0,0,,,,5872,3286,3256,3252,19997,2170,3246,3346,,,3270,3338,,3280,3330,3318,3322,3516,3256,3274,3330,3296,1435086293,44,T-WARR3
0CA1D0,,N/A,,,,,,,,,,,,,,,,,,,,,,0,257,,,,,,,,,,,,0,,,,,,,,0,,,,17,0,0,0,0,0,0,,,,5873,3287,3257,3253,19998,2171,3247,3347,,,3271,3339,,3281,3331,3319,3323,3517,3257,3275,3331,3297,1435086293,44,T-WARR3
0CA1D0,,N/A,,,,,,,,,,,,,,,,,,,,,,0,257,,,,,,,,,,,,0,,,,,,,,0,,,,17,0,0,0,0,0,0,,,,5874,3288,3258,3254,19999,2172,3248,3348,,,3272,3340,,3282,3332,3320,3324,3518,3258,3276,3332,3298,1435086293,42,T-WARR3
0CA1D0,,N/A,,,,,,,,,,,,,,,,,,,,,,0,257,,,,,,,,,,,,0,,,,,,,,0,,,,17,0,0,0,0,0,0,,,,5875,3289,3259,3255,20000,2173,3249,3349,,,3273,3341,,3283,3333,3321,3325,3519,3259,3277,3333,3299,1435086293,42,T-WARR3
0CA1D0,,N/A,,,,,,,,,,,,,,,,,,,,,,0,257,,,,,,,,,,,,0,,,,,,,,0,,,,17,0,0,0,0,0,0,,,,5876,3290,3260,3256,20001,2174,3250,3350,,,3274,3342,,3284,3334,3322,3326,3520,3260,3278,3334,3300,1435086293,40,T-WARR3
0CA1D0,,N/A,,,,,,,,,,,,,,,,,,,,,,0,257,,,,,,,,,,,,0,,,,,,,,0,,,,17,0,0,0,0,0,0,,,,5877,3291,3261,3257,20002,2175,3251,3351,,,3275,3343,,3285,3335,3323,3327,3521,3261,3279,3335,3301,1435086293,40,T-WARR3
0CA1D0,,N/A,,,,,,,,,,,,,,,,,,,,,,0,257,,,,,,,,,,,,0,,,,,,,,0,,,,17,0,0,0,0,0,0,,,,5878,3292,3262,3258,20003,2176,3252,3352,,,3276,3344,,3286,3336,3324,3328,3522,3262,3280,3336,3302,1435086293,38,T-WARR3
0CA1D0,,N/A,,,,,,,,,,,,,,,,,,,,,,0,257,,,,,,,,,,,,0,,,,,,,,0,,,,17,0,0,0,0,0,0,,,,5879,3293,3263,3259,20004,2177,3253,3353,,,3277,3345,,3287,3337,3325,3329,3523,3263,3281,3337,3303,1435086293,38,T-WARR3
0CA1D0,,N/A,,,,,,,,,,,,,,,,,,,,,,0,257,,,,,,,,,,,,0,,,,,,,,0,,,,17,0,0,0,0,0,0,,,,5880,3294,3264,3260,20005,2178,3254,3354,,,3278,3346,,3288,3338,3326,3330,3524,3264,3282,3338,3304,1435086293,36,T-WARR3
0CA1D0,,N/A,,,,,,,,,,,,,,,,,,,,,,0,257,,,,,,,,,,,,0,,,,,,,,0,,,,17,0,0,0,0,0,0,,,,5881,3295,3265,3261,20006,2179,3255,3355,,,3279,3347,,3289,3339,3327,3331,3525,3265,3283,3339,3305,1435086293,36,T-WARR3
0CA1D0,,N/A,,,,,,,,,,,,,,,,,,,,,,0,257,,,,,,,,,,,,0,,,,,,,,0,,,,17,0,0,0,0,0,0,,,,5882,3296,3266,3262,20007,2180,3256,3356,,,3280,3348,,3290,3340,3328,3332,3526,3266,3284,3340,3306,1435086293,34,T-WARR3
0CA1D0,,N/A,,,,,,,,,,,,,,,,,,,,,,0,257,,,,,,,,,,,,0,,,,,,,,0,,,,17,0,0,0,0,0,0,,,,5883,3297,3267,3263,20008,2181,3257,3357,,,3281,3349,,3291,3341,3329,3333,3527,3267,3285,3341,3307,1435086293,34,T-WARR3
0CA1D0,,N/A,,,,,,,,,,,,,,,,,,,,,,0,257,,,,,,,,,,,,0,,,,,,,,0,,,,17,0,0,0,0,0,0,,,,5884,3298,3268,3264,20009,2182,3258,3358,,,3282,3350,,3292,3342,3330,3334,3528,3268,3286,3342,3308,1435086293,32,T-WARR3
0CA1D0,,N/A,,,,,,,,,,,,,,,,,,,,,,0,257,,,,,,,,,,,,0,,,,,,,,0,,,,17,0,0,0,0,0,0,,,,5885,3299,3269,3265,20010,2183,3259,3359,,,3283,3351,,3293,3343,3331,3335,3529,3269,3287,3343,3309,1435086293,32,T-WARR3
0CA1D0,,N/A,,,,,,,,,,,,,,,,,,,,,,0,257,,,,,,,,,,,,0,,,,,,,,0,,,,17,0,0,0,0,0,0,,,,5886,3300,3270,3266,20011,2184,3260,3360,,,3284,3352,,3294,3344,3332,3336,3530,3270,3288,3344,3310,1435086293,30,T-WARR3
0CA1D0,,N/A,,,,,,,,,,,,,,,,,,,,,,0,257,,,,,,,,,,,,0,,,,,,,,0,,,,17,0,0,0,0,0,0,,,,5887,3301,3271,3267,20012,2185,3261,3361,,,3285,3353,,3295,3345,3333,3337,3531,3271,3289,3345,3311,1435086293,30,T-WARR3
0CA1D0,,N/A,,,,,,,,,,,,,,,,,,,,,,0,257,,,,,,,,,,,,0,,,,,,,,0,,,,17,0,0,0,0,0,0,,,,5888,3302,3272,3268,20013,2186,3262,3362,,,3286,3354,,3296,3346,3334,3338,3532,3272,3290,3346,3312,1435086293,28,T-WARR3
0CA1D0,,N/A,,,,,,,,,,,,,,,,,,,,,,0,257,,,,,,,,,,,,0,,,,,,,,0,,,,17,0,0,0,0,0,0,,,,5889,3303,3273,3269,20014,2187,3263,3363,,,3287,3355,,3297,3347,3335,3339,3533,3273,3291,3347,3313,1435086293,28,T-WARR3
0CA1D0,,N/A,,,,,,,,,,,,,,,,,,,,,,0,257,,,,,,,,,,,,0,,,,,,,,0,,,,17,0,0,0,0,0,0,,,,5890,3304,3274,3270,20015,2188,3264,3364,,,3288,3356,,3298,3348,3336,3340,3534,3274,3292,3348,3314,1435086293,26,T-WARR3
0CA1D0,,N/A,,,,,,,,,,,,,,,,,,,,,,0,257,,,,,,,,,,,,0,,,,,,,,0,,,,17,0,0,0,0,0,0,,,,5891,3305,3275,3271,20016,2189,3265,3365,,,3289,3357,,3299,3349,3337,3341,3535,3275,3293,3349,3315,1435086293,26,T-WARR3
0CA1D0,,N/A,,,,,,,,,,,,,,,,,,,,,,0,257,,,,,,,,,,,,0,,,,,,,,0,,,,17,0,0,0,0,0,0,,,,5892,3306,3276,3272,20017,2190,3266,3366,,,3290,3358,,3300,3350,3338,3342,3536,3276,3294,3350,3316,1435086293,24,T-WARR3
0CA1D0,,N/A,,,,,,,,,,,,,,,,,,,,,,0,257,,,,,,,,,,,,0,,,,,,,,0,,,,17,0,0,0,0,0,0,,,,5893,3307,3277,3273,20018,2191,3267,3367,,,3291,3359,,3301,3351,3339,3343,3537,3277,3295,3351,3317,1435086293,24,T-WARR3
0CA1D0,,N/A,,,,,,,,,,,,,,,,,,,,,,0,257,,,,,,,,,,,,0,,,,,,,,0,,,,17,0,0,0,0,0,0,,,,5894,3308,3278,3274,20019,2192,3268,3368,,,3292,3360,,3302,3352,3340,3344,3538,3278,3296,3352,3318,1435086293,22,T-WARR3
0CA1D0,,N/A,,,,,,,,,,,,,,,,,,,,,,0,257,,,,,,,,,,,,0,,,,,,,,0,,,,17,0,0,0,0,0,0,,,,5895,3309,3279,3275,20020,2193,3269,3369,,,3293,3361,,3303,3353,3341,3345,3539,3279,3297,3353,3319,1435086293,22,T-WARR3
0CA1D0,,N/A,,,,,,,,,,,,,,,,,,,,,,0,257,,,,,,,,,,,,0,,,,,,,,0,,,,17,0,0,0,0,0,0,,,,5896,3310,3280,3276,20021,2194,3270,3370,,,3294,3362,,3304,3354,3342,3346,3540,3280,3298,3354,3320,1435086293,20,T-WARR3
0CA1D0,,N/A,,,,,,,,,,,,,,,,,,,,,,0,257,,,,,,,,,,,,0,,,,,,,,0,,,,17,0,0,0,0,0,0,,,,5897,3311,3281,3277,20022,2195,3271,3371,,,3295,3363,,3305,3355,3343,3347,3541,3281,3299,3355,3321,1435086293,20,T-WARR3
0CA1D0,,N/A,,,,,,,,,,,,,,,,,,,,,,0,257,,,,,,,,,,,,0,,,,,,,,0,,,,17,0,0,0,0,0,0,,,,5898,3312,3282,3278,20023,2196,3272,3372,,,3296,3364,,3306,3356,3344,3348,3542,3282,3300,3356,3322,1435086293,18,T-WARR3
0CA1D0,,N/A,,,,,,,,,,,,,,,,,,,,,,0,257,,,,,,,,,,,,0,,,,,,,,0,,,,17,0,0,0,0,0,0,,,,5899,3313,3283,3279,20024,2197,3273,3373,,,3297,3365,,3307,3357,3345,3349,3543,3283,3301,3357,3323,1435086293,18,T-WARR3
0CA1D0,,N/A,,,,,,,,,,,,,,,,,,,,,,0,257,,,,,,,,,,,,0,,,,,,,,0,,,,17,0,0,0,0,0,0,,,,5900,3314,3284,3280,20025,2198,3274,3374,,,3298,3366,,3308,3358,3346,3350,3544,3284,3302,3358,3324,1435086293,16,T-WARR3
0CA1D0,,N/A,,,,,,,,,,,,,,,,,,,,,,0,257,,,,,,,,,,,,0,,,,,,,,0,,,,17,0,0,0,0,0,0,,,,5901,3315,3285,3281,20026,2199,3275,3375,,,3299,3367,,3309,3359,3347,3351,3545,3285,3303,3359,3325,1435086293,16,T-WARR3
0CA1D0,,N/A,,,,,,,,,,,,,,,,,,,,,,0,257,,,,,,,,,,,,0,,,,,,,,0,,,,17,0,0,0,0,0,0,,,,5902,3316,3286,3282,20027,2200,3276,3376,,,3300,3368,,3310,3360,3348,3352,3546,3286,3304,3360,3326,1435086293,14,T-WARR3
0CA1D0,,N/A,,,,,,,,,,,,,,,,,,,,,,0,257,,,,,,,,,,,,0,,,,,,,,0,,,,17,0,0,0,0,0,0,,,,5903,3317,3287,3283,20028,2201,3277,3377,,,3301,3369,,3311,3361,3349,3353,3547,3287,3305,3361,3327,1435086293,14,T-WARR3
0CA1D0,,N/A,,,,,,,,,,,,,,,,,,,,,,0,257,,,,,,,,,,,,0,,,,,,,,0,,,,17,0,0,0,0,0,0,,,,5904,3318,3288,3284,20029,2202,3278,3378,,,3302,3370,,3312,3362,3350,3354,3548,3288,3306,3362,3328,1435086293,12,T-WARR3
0CA1D0,,N/A,,,,,,,,,,,,,,,,,,,,,,0,257,,,,,,,,,,,,0,,,,,,,,0,,,,17,0,0,0,0,0,0,,,,5905,3319,3289,3285,20030,2203,3279,3379,,,3303,3371,,3313,3363,3351,3355,3549,3289,3307,3363,3329,1435086293,12,T-WARR3
0CA1D0,,N/A,,,,,,,,,,,,,,,,,,,,,,0,257,,,,,,,,,,,,0,,,,,,,,0,,,,17,0,0,0,0,0,0,,,,5906,3320,3290,3286,20031,2204,3280,3380,,,3304,3372,,3314,3364,3352,3356,3550,3290,3308,3364,3330,1435086293,10,T-WARR3
0CA1D0,,N/A,,,,,,,,,,,,,,,,,,,,,,0,257,,,,,,,,,,,,0,,,,,,,,0,,,,17,0,0,0,0,0,0,,,,5907,3321,3291,3287,20032,2205,3281,3381,,,3305,3373,,3315,3365,3353,3357,3551,3291,3309,3365,3331,1435086293,10,T-WARR3
0CA1D0,,N/A,,,,,,,,,,,,,,,,,,,,,,0,257,,,,,,,,,,,,0,,,,,,,,0,,,,17,0,0,0,0,0,0,,,,5908,3322,3292,3288,20033,2206,3282,3382,,,3306,3374,,3316,3366,3354,3358,3552,3292,3310,3366,3332,1435086293,8,T-WARR3
0CA1D0,,N/A,,,,,,,,,,,,,,,,,,,,,,0,257,,,,,,,,,,,,0,,,,,,,,0,,,,17,0,0,0,0,0,0,,,,5909,3323,3293,3289,20034,2207,3283,3383,,,3307,3375,,3317,3367,3355,3359,3553,3293,3311,3367,3333,1435086293,8,T-WARR3
0CA1D0,,N/A,,,,,,,,,,,,,,,,,,,,,,0,257,,,,,,,,,,,,0,,,,,,,,0,,,,17,0,0,0,0,0,0,,,,5910,3324,3294,3290,20035,2208,3284,3384,,,3308,3376,,3318,3368,3356,3360,3554,3294,3312,3368,3334,1435086293,6,T-WARR3
0CA1D0,,N/A,,,,,,,,,,,,,,,,,,,,,,0,257,,,,,,,,,,,,0,,,,,,,,0,,,,17,0,0,0,0,0,0,,,,5911,3325,3295,3291,20036,2209,3285,3385,,,3309,3377,,3319,3369,3357,3361,3555,3295,3313,3369,3335,1435086293,6,T-WARR3
0CA1D0,,N/A,,,,,,,,,,,,,,,,,,,,,,0,257,,,,,,,,,,,,0,,,,,,,,0,,,,17,0,0,0,0,0,0,,,,5912,3326,3296,3292,20037,2210,3286,3386,,,3310,3378,,3320,3370,3358,3362,3556,3296,3314,3370,3336,1435086293,4,T-WARR3
0CA1D0,,N/A,,,,,,,,,,,,,,,,,,,,,,0,257,,,,,,,,,,,,0,,,,,,,,0,,,,17,0,0,0,0,0,0,,,,5913,3327,3297,3293,20038,2211,3287,3387,,,3311,3379,,3321,3371,3359,3363,3557,3297,3315,3371,3337,1435086293,4,T-WARR3
0CA1D0,,N/A,,,,,,,,,,,,,,,,,,,,,,0,257,,,,,,,,,,,,0,,,,,,,,0,,,,17,0,0,0,0,0,0,,,,5914,3328,3298,3294,20039,2212,3288,3388,,,3312,3380,,3322,3372,3360,3364,3558,3298,3316,3372,3338,1435086293,2,T-WARR3
0CA1D0,,N/A,,,,,,,,,,,,,,,,,,,,,,0,257,,,,,,,,,,,,0,,,,,,,,0,,,,17,0,0,0,0,0,0,,,,5915,3329,3299,3295,20040,2213,3289,3389,,,3313,3381,,3323,3373,3361,3365,3559,3299,3317,3373,3339,1435086293,2,T-WARR3
0CA1D0,,N/A,,,,,,,,,,,,,,,,,,,,,,0,257,,,,,,,,,,,,0,,,,,,,,0,,,,17,0,0,0,0,0,0,,,,5916,3330,3300,3296,20041,2214,3290,3390,,,3314,3382,,3324,3374,3362,3366,3560,3300,3318,3374,3340,1435086293,0,T-WARR3
0CA1D0,,N/A,,,,,,,,,,,,,,,,,,,,,,0,257,,,,,,,,,,,,0,,,,,,,,0,,,,17,0,0,0,0,0,0,,,,5917,3331,3301,3297,20042,2215,3291,3391,,,3315,3383,,3325,3375,3363,3367,3561,3301,3319,3375,3341,1435086293,0,T-WARR3
BACDF9,,N/A,,,,,,,,,,,,,,,,,,,,,,0,,,,,,,,,,,,,0,,,,,,,,0,,,,,0,0,0,0,0,0,,,,33429,33475,33457,33401,33431,33413,33403,33401,,,33403,,,,,,33475,,,,,,1435055452,60,T-WARR5
BACDF9,,N/A,,,,,,,,,,,,,,,,,,,,,,0,,,,,,,,,,,,,0,,,,,,,,0,,,,,0,0,0,0,0,0,,,,33430,33476,33458,33402,33432,33414,33404,33402,,,33404,,,,,,33476,,,,,,1435055452,60,T-WARR5
BACDF9,,N/A,,,,,,,,,,,,,,,,,,,,,,0,,,,,,,,,,,,,0,,,,,,,,0,,,,,0,0,0,0,0,0,,,,33431,33477,33459,33403,33433,33415,33405,33403,,,33405,,,,,,33477,,,,,,1435055452,60,T-WARR5
BACDF9,,N/A,,,,,,,,,,,,,,,,,,,,,,0,,,,,,,,,,,,,0,,,,,,,,0,,,,,0,0,0,0,0,0,,,,33431,33477,33459,33403,33433,33415,33405,33403,,,33405,,,,,,33477,,,,,,1435055452,58,T-WARR5
BACDF9,,N/A,,,,,,,,,,,,,,,,,,,,,,0,,,,,,,,,,,,,0,,,,,,,,0,,,,,0,0,0,0,0,0,,,,33432,33478,33460,33404,33434,33416,33406,33404,,,33406,,,,,,33478,,,,,,1435055452,58,T-WARR5
BACDF9,,N/A,,,,,,,,,,,,,,,,,,,,,,0,,,,,,,,,,,,,0,,,,,,,,0,,,,,0,0,0,0,0,0,,,,33433,33479,33461,33405,33435,33417,33407,33405,,,33407,,,,,,33479,,,,,,1435055452,58,T-WARR5
BACDF9,,N/A,,,,,,,,,,,,,,,,,,,,,,0,,,,,,,,,,,,,0,,,,,,,,0,,,,,0,0,0,0,0,0,,,,33433,33479,33461,33405,33435,33417,33407,33405,,,33407,,,,,,33479,,,,,,1435055452,56,T-WARR5
BACDF9,,N/A,,,,,,,,,,,,,,,,,,,,,,0,,,,,,,,,,,,,0,,,,,,,,0,,,,,0,0,0,0,0,0,,,,33434,33480,33462,33406,33436,33418,33408,33406,,,33408,,,,,,33480,,,,,,1435055452,56,T-WARR5
BACDF9,,N/A,,,,,,,,,,,,,,,,,,,,,,0,,,,,,,,,,,,,0,,,,,,,,0,,,,,0,0,0,0,0,0,,,,33435,33481,33463,33407,33437,33419,33409,33407,,,33409,,,,,,33481,,,,,,1435055452,56,T-WARR5
BACDF9,,N/A,,,,,,,,,,,,,,,,,,,,,,0,,,,,,,,,,,,,0,,,,,,,,0,,,,,0,0,0,0,0,0,,,,33436,33482,33464,33408,33438,33420,33410,33408,,,33410,,,,,,33482,,,,,,1435055452,54,T-WARR5
BACDF9,,N/A,,,,,,,,,,,,,,,,,,,,,,0,,,,,,,,,,,,,0,,,,,,,,0,,,,,0,0,0,0,0,0,,,,33437,33483,33465,33409,33439,33421,33411,33409,,,33411,,,,,,33483,,,,,,1435055452,54,T-WARR5
BACDF9,,N/A,,,,,,,,,,,,,,,,,,,,,,0,,,,,,,,,,,,,0,,,,,,,,0,,,,,0,0,0,0,0,0,,,,33437,33483,33465,33409,33439,33421,33411,33409,,,33411,,,,,,33483,,,,,,1435055452,52,T-WARR5
BACDF9,,N/A,,,,,,,,,,,,,,,,,,,,,,0,,,,,,,,,,,,,0,,,,,,,,0,,,,,0,0,0,0,0,0,,,,33438,33484,33466,33410,33440,33422,33412,33410,,,33412,,,,,,33484,,,,,,1435055452,52,T-WARR5
BACDF9,,N/A,,,,,,,,,,,,,,,,,,,,,,0,,,,,,,,,,,,,0,,,,,,,,0,,,,,0,0,0,0,0,0,,,,33439,33485,33467,33411,33441,33423,33413,33411,,,33413,,,,,,33485,,,,,,1435055452,52,T-WARR5
BACDF9,,N/A,,,,,,,,,,,,,,,,,,,,,,0,,,,,,,,,,,,,0,,,,,,,,0,,,,,0,0,0,0,0,0,,,,33439,33485,33467,33411,33441,33423,33413,33411,,,33413,,,,,,33485,,,,,,1435055452,50,T-WARR5
BACDF9,,N/A,,,,,,,,,,,,,,,,,,,,,,0,,,,,,,,,,,,,0,,,,,,,,0,,,,,0,0,0,0,0,0,,,,33440,33486,33468,33412,33442,33424,33414,33412,,,33414,,,,,,33486,,,,,,1435055452,50,T-WARR5
BACDF9,,N/A,,,,,,,,,,,,,,,,,,,,,,0,,,,,,,,,,,,,0,,,,,,,,0,,,,,0,0,0,0,0,0,,,,33441,33487,33469,33413,33443,33425,33415,33413,,,33415,,,,,,33487,,,,,,1435055452,50,T-WARR5
BACDF9,,N/A,,,,,,,,,,,,,,,,,,,,,,0,,,,,,,,,,,,,0,,,,,,,,0,,,,,0,0,0,0,0,0,,,,33441,33487,33469,33413,33443,33425,33415,33413,,,33415,,,,,,33487,,,,,,1435055452,48,T-WARR5
BACDF9,,N/A,,,,,,,,,,,,,,,,,,,,,,0,,,,,,,,,,,,,0,,,,,,,,0,,,,,0,0,0,0,0,0,,,,33442,33488,33470,33414,33444,33426,33416,33414,,,33416,,,,,,33488,,,,,,1435055452,48,T-WARR5
BACDF9,,N/A,,,,,,,,,,,,,,,,,,,,,,0,,,,,,,,,,,,,0,,,,,,,,0,,,,,0,0,0,0,0,0,,,,33443,33489,33471,33415,33445,33427,33417,33415,,,33417,,,,,,33489,,,,,,1435055452,48,T-WARR5
BACDF9,,N/A,,,,,,,,,,,,,,,,,,,,,,0,,,,,,,,,,,,,0,,,,,,,,0,,,,,0,0,0,0,0,0,,,,33443,33489,33471,33415,33445,33427,33417,33415,,,33417,,,,,,33489,,,,,,1435055452,46,T-WARR5
BACDF9,,N/A,,,,,,,,,,,,,,,,,,,,,,0,,,,,,,,,,,,,0,,,,,,,,0,,,,,0,0,0,0,0,0,,,,33444,33490,33472,33416,33446,33428,33418,33416,,,33418,,,,,,33490,,,,,,1435055452,46,T-WARR5
BACDF9,,N/A,,,,,,,,,,,,,,,,,,,,,,0,,,,,,,,,,,,,0,,,,,,,,0,,,,,0,0,0,0,0,0,,,,33445,33491,33473,33417,33447,33429,33419,33417,,,33419,,,,,,33491,,,,,,1435055452,46,T-WARR5
BACDF9,,N/A,,,,,,,,,,,,,,,,,,,,,,0,,,,,,,,,,,,,0,,,,,,,,0,,,,,0,0,0,0,0,0,,,,33445,33491,33473,33417,33447,33429,33419,33417,,,33419,,,,,,33491,,,,,,1435055452,44,T-WARR5
BACDF9,,N/A,,,,,,,,,,,,,,,,,,,,,,0,,,,,,,,,,,,,0,,,,,,,,0,,,,,0,0,0,0,0,0,,,,33446,33492,33474,33418,33448,33430,33420,33418,,,33420,,,,,,33492,,,,,,1435055452,44,T-WARR5
BACDF9,,N/A,,,,,,,,,,,,,,,,,,,,,,0,,,,,,,,,,,,,0,,,,,,,,0,,,,,0,0,0,0,0,0,,,,33447,33493,33475,33419,33449,33431,33421,33419,,,33421,,,,,,33493,,,,,,1435055452,44,T-WARR5
BACDF9,,N/A,,,,,,,,,,,,,,,,,,,,,,0,,,,,,,,,,,,,0,,,,,,,,0,,,,,0,0,0,0,0,0,,,,33447,33493,33475,33419,33449,33431,33421,33419,,,33421,,,,,,33493,,,,,,1435055452,42,T-WARR5
BACDF9,,N/A,,,,,,,,,,,,,,,,,,,,,,0,,,,,,,,,,,,,0,,,,,,,,0,,,,,0,0,0,0,0,0,,,,33448,33494,33476,33420,33450,33432,33422,33420,,,33422,,,,,,33494,,,,,,1435055452,42,T-WARR5
BACDF9,,N/A,,,,,,,,,,,,,,,,,,,,,,0,,,,,,,,,,,,,0,,,,,,,,0,,,,,0,0,0,0,0,0,,,,33449,33495,33477,33421,33451,33433,33423,33421,,,33423,,,,,,33495,,,,,,1435055452,42,T-WARR5
BACDF9,,N/A,,,,,,,,,,,,,,,,,,,,,,0,,,,,,,,,,,,,0,,,,,,,,0,,,,,0,0,0,0,0,0,,,,33449,33495,33477,33421,33451,33433,33423,33421,,,33423,,,,,,33495,,,,,,1435055452,40,T-WARR5
BACDF9,,N/A,,,,,,,,,,,,,,,,,,,,,,0,,,,,,,,,,,,,0,,,,,,,,0,,,,,0,0,0,0,0,0,,,,33450,33496,33478,33422,33452,33434,33424,33422,,,33424,,,,,,33496,,,,,,1435055452,40,T-WARR5
BACDF9,,N/A,,,,,,,,,,,,,,,,,,,,,,0,,,,,,,,,,,,,0,,,,,,,,0,,,,,0,0,0,0,0,0,,,,33451,33497,33479,33423,33453,33435,33425,33423,,,33425,,,,,,33497,,,,,,1435055452,40,T-WARR5
BACDF9,,N/A,,,,,,,,,,,,,,,,,,,,,,0,,,,,,,,,,,,,0,,,,,,,,0,,,,,0,0,0,0,0,0,,,,33451,33497,33479,33423,33453,33435,33425,33423,,,33425,,,,,,33497,,,,,,1435055452,38,T-WARR5
BACDF9,,N/A,,,,,,,,,,,,,,,,,,,,,,0,,,,,,,,,,,,,0,,,,,,,,0,,,,,0,0,0,0,0,0,,,,33452,33498,33480,33424,33454,33436,33426,33424,,,33426,,,,,,33498,,,,,,1435055452,38,T-WARR5
BACDF9,,N/A,,,,,,,,,,,,,,,,,,,,,,0,,,,,,,,,,,,,0,,,,,,,,0,,,,,0,0,0,0,0,0,,,,33453,33499,33481,33425,33455,33437,33427,33425,,,33427,,,,,,33499,,,,,,1435055452,38,T-WARR5
BACDF9,,N/A,,,,,,,,,,,,,,,,,,,,,,0,,,,,,,,,,,,,0,,,,,,,,0,,,,,0,0,0,0,0,0,,,,33453,33499,33481,33425,33455,33437,33427,33425,,,33427,,,,,,33499,,,,,,1435055452,36,T-WARR5
BACDF9,,N/A,,,,,,,,,,,,,,,,,,,,,,0,,,,,,,,,,,,,0,,,,,,,,0,,,,,0,0,0,0,0,0,,,,33454,33500,33482,33426,33456,33438,33428,33426,,,33428,,,,,,33500,,,,,,1435055452,36,T-WARR5
BACDF9,,N/A,,,,,,,,,,,,,,,,,,,,,,0,,,,,,,,,,,,,0,,,,,,,,0,,,,,0,0,0,0,0,0,,,,33455,33501,33483,33427,33457,33439,33429,33427,,,33429,,,,,,33501,,,,,,1435055452,36,T-WARR5
BACDF9,,N/A,,,,,,,,,,,,,,,,,,,,,,0,,,,,,,,,,,,,0,,,,,,,,0,,,,,0,0,0,0,0,0,,,,33456,33502,33484,33428,33458,33440,33430,33428,,,33430,,,,,,33502,,,,,,1435055452,34,T-WARR5
BACDF9,,N/A,,,,,,,,,,,,,,,,,,,,,,0,,,,,,,,,,,,,0,,,,,,,,0,,,,,0,0,0,0,0,0,,,,33457,33503,33485,33429,33459,33441,33431,33429,,,33431,,,,,,33503,,,,,,1435055452,34,T-WARR5
BACDF9,,N/A,,,,,,,,,,,,,,,,,,,,,,0,,,,,,,,,,,,,0,,,,,,,,0,,,,,0,0,0,0,0,0,,,,33457,33503,33485,33429,33459,33441,33431,33429,,,33431,,,,,,33503,,,,,,1435055452,32,T-WARR5
BACDF9,,N/A,,,,,,,,,,,,,,,,,,,,,,0,,,,,,,,,,,,,0,,,,,,,,0,,,,,0,0,0,0,0,0,,,,33458,33504,33486,33430,33460,33442,33432,33430,,,33432,,,,,,33504,,,,,,1435055452,32,T-WARR5
BACDF9,,N/A,,,,,,,,,,,,,,,,,,,,,,0,,,,,,,,,,,,,0,,,,,,,,0,,,,,0,0,0,0,0,0,,,,33459,33505,33487,33431,33461,33443,33433,33431,,,33433,,,,,,33505,,,,,,1435055452,32,T-WARR5
BACDF9,,N/A,,,,,,,,,,,,,,,,,,,,,,0,,,,,,,,,,,,,0,,,,,,,,0,,,,,0,0,0,0,0,0,,,,33459,33505,33487,33431,33461,33443,33433,33431,,,33433,,,,,,33505,,,,,,1435055452,30,T-WARR5
BACDF9,,N/A,,,,,,,,,,,,,,,,,,,,,,0,,,,,,,,,,,,,0,,,,,,,,0,,,,,0,0,0,0,0,0,,,,33460,33506,33488,33432,33462,33444,33434,33432,,,33434,,,,,,33506,,,,,,1435055452,30,T-WARR5
BACDF9,,N/A,,,,,,,,,,,,,,,,,,,,,,0,,,,,,,,,,,,,0,,,,,,,,0,,,,,0,0,0,0,0,0,,,,33461,33507,33489,33433,33463,33445,33435,33433,,,33435,,,,,,33507,,,,,,1435055452,30,T-WARR5
BACDF9,,N/A,,,,,,,,,,,,,,,,,,,,,,0,,,,,,,,,,,,,0,,,,,,,,0,,,,,0,0,0,0,0,0,,,,33461,33507,33489,33433,33463,33445,33435,33433,,,33435,,,,,,33507,,,,,,1435055452,28,T-WARR5
BACDF9,,N/A,,,,,,,,,,,,,,,,,,,,,,0,,,,,,,,,,,,,0,,,,,,,,0,,,,,0,0,0,0,0,0,,,,33462,33508,33490,33434,33464,33446,33436,33434,,,33436,,,,,,33508,,,,,,1435055452,28,T-WARR5
BACDF9,,N/A,,,,,,,,,,,,,,,,,,,,,,0,,,,,,,,,,,,,0,,,,,,,,0,,,,,0,0,0,0,0,0,,,,33463,33509,33491,33435,33465,33447,33437,33435,,,33437,,,,,,33509,,,,,,1435055452,28,T-WARR5
BACDF9,,N/A,,,,,,,,,,,,,,,,,,,,,,0,,,,,,,,,,,,,0,,,,,,,,0,,,,,0,0,0,0,0,0,,,,33463,33509,33491,33435,33465,33447,33437,33435,,,33437,,,,,,33509,,,,,,1435055452,26,T-WARR5
BACDF9,,N/A,,,,,,,,,,,,,,,,,,,,,,0,,,,,,,,,,,,,0,,,,,,,,0,,,,,0,0,0,0,0,0,,,,33464,33510,33492,33436,33466,33448,33438,33436,,,33438,,,,,,33510,,,,,,1435055452,26,T-WARR5
BACDF9,,N/A,,,,,,,,,,,,,,,,,,,,,,0,,,,,,,,,,,,,0,,,,,,,,0,,,,,0,0,0,0,0,0,,,,33465,33511,33493,33437,33467,33449,33439,33437,,,33439,,,,,,33511,,,,,,1435055452,26,T-WARR5
BACDF9,,N/A,,,,,,,,,,,,,,,,,,,,,,0,,,,,,,,,,,,,0,,,,,,,,0,,,,,0,0,0,0,0,0,,,,33465,33511,33493,33437,33467,33449,33439,33437,,,33439,,,,,,33511,,,,,,1435055452,24,T-WARR5
BACDF9,,N/A,,,,,,,,,,,,,,,,,,,,,,0,,,,,,,,,,,,,0,,,,,,,,0,,,,,0,0,0,0,0,0,,,,33466,33512,33494,33438,33468,33450,33440,33438,,,33440,,,,,,33512,,,,,,1435055452,24,T-WARR5
BACDF9,,N/A,,,,,,,,,,,,,,,,,,,,,,0,,,,,,,,,,,,,0,,,,,,,,0,,,,,0,0,0,0,0,0,,,,33467,33513,33495,33439,33469,33451,33441,33439,,,33441,,,,,,33513,,,,,,1435055452,24,T-WARR5
BACDF9,,N/A,,,,,,,,,,,,,,,,,,,,,,0,,,,,,,,,,,,,0,,,,,,,,0,,,,,0,0,0,0,0,0,,,,33467,33513,33495,33439,33469,33451,33441,33439,,,33441,,,,,,33513,,,,,,1435055452,22,T-WARR5
BACDF9,,N/A,,,,,,,,,,,,,,,,,,,,,,0,,,,,,,,,,,,,0,,,,,,,,0,,,,,0,0,0,0,0,0,,,,33468,33514,33496,33440,33470,33452,33442,33440,,,33442,,,,,,33514,,,,,,1435055452,22,T-WARR5
BACDF9,,N/A,,,,,,,,,,,,,,,,,,,,,,0,,,,,,,,,,,,,0,,,,,,,,0,,,,,0,0,0,0,0,0,,,,33469,33515,33497,33441,33471,33453,33443,33441,,,33443,,,,,,33515,,,,,,1435055452,22,T-WARR5
BACDF9,,N/A,,,,,,,,,,,,,,,,,,,,,,0,,,,,,,,,,,,,0,,,,,,,,0,,,,,0,0,0,0,0,0,,,,33469,33515,33497,33441,33471,33453,33443,33441,,,33443,,,,,,33515,,,,,,1435055452,20,T-WARR5
BACDF9,,N/A,,,,,,,,,,,,,,,,,,,,,,0,,,,,,,,,,,,,0,,,,,,,,0,,,,,0,0,0,0,0,0,,,,33470,33516,33498,33442,33472,33454,33444,33442,,,33444,,,,,,33516,,,,,,1435055452,20,T-WARR5
BACDF9,,N/A,,,,,,,,,,,,,,,,,,,,,,0,,,,,,,,,,,,,0,,,,,,,,0,,,,,0,0,0,0,0,0,,,,33471,33517,33499,33443,33473,33455,33445,33443,,,33445,,,,,,33517,,,,,,1435055452,20,T-WARR5
BACDF9,,N/A,,,,,,,,,,,,,,,,,,,,,,0,,,,,,,,,,,,,0,,,,,,,,0,,,,,0,0,0,0,0,0,,,,33471,33517,33499,33443,33473,33455,33445,33443,,,33445,,,,,,33517,,,,,,1435055452,18,T-WARR5
BACDF9,,N/A,,,,,,,,,,,,,,,,,,,,,,0,,,,,,,,,,,,,0,,,,,,,,0,,,,,0,0,0,0,0,0,,,,33472,33518,33500,33444,33474,33456,33446,33444,,,33446,,,,,,33518,,,,,,1435055452,18,T-WARR5
BACDF9,,N/A,,,,,,,,,,,,,,,,,,,,,,0,,,,,,,,,,,,,0,,,,,,,,0,,,,,0,0,0,0,0,0,,,,33473,33519,33501,33445,33475,33457,33447,33445,,,33447,,,,,,33519,,,,,,1435055452,18,T-WARR5
BACDF9,,N/A,,,,,,,,,,,,,,,,,,,,,,0,,,,,,,,,,,,,0,,,,,,,,0,,,,,0,0,0,0,0,0,,,,33473,33519,33501,33445,33475,33457,33447,33445,,,33447,,,,,,33519,,,,,,1435055452,16,T-WARR5
BACDF9,,N/A,,,,,,,,,,,,,,,,,,,,,,0,,,,,,,,,,,,,0,,,,,,,,0,,,,,0,0,0,0,0,0,,,,33474,33520,33502,33446,33476,33458,33448,33446,,,33448,,,,,,33520,,,,,,1435055452,16,T-WARR5
BACDF9,,N/A,,,,,,,,,,,,,,,,,,,,,,0,,,,,,,,,,,,,0,,,,,,,,0,,,,,0,0,0,0,0,0,,,,33475,33521,33503,33447,33477,33459,33449,33447,,,33449,,,,,,33521,,,,,,1435055452,16,T-WARR5
BACDF9,,N/A,,,,,,,,,,,,,,,,,,,,,,0,,,,,,,,,,,,,0,,,,,,,,0,,,,,0,0,0,0,0,0,,,,33475,33521,33503,33447,33477,33459,33449,33447,,,33449,,,,,,33521,,,,,,1435055452,14,T-WARR5
BACDF9,,N/A,,,,,,,,,,,,,,,,,,,,,,0,,,,,,,,,,,,,0,,,,,,,,0,,,,,0,0,0,0,0,0,,,,33476,33522,33504,33448,33478,33460,33450,33448,,,33450,,,,,,33522,,,,,,1435055452,14,T-WARR5
BACDF9,,N/A,,,,,,,,,,,,,,,,,,,,,,0,,,,,,,,,,,,,0,,,,,,,,0,,,,,0,0,0,0,0,0,,,,33477,33523,33505,33449,33479,33461,33451,33449,,,33451,,,,,,33523,,,,,,1435055452,14,T-WARR5
BACDF9,,N/A,,,,,,,,,,,,,,,,,,,,,,0,,,,,,,,,,,,,0,,,,,,,,0,,,,,0,0,0,0,0,0,,,,33477,33523,33505,33449,33479,33461,33451,33449,,,33451,,,,,,33523,,,,,,1435055452,12,T-WARR5
BACDF9,,N/A,,,,,,,,,,,,,,,,,,,,,,0,,,,,,,,,,,,,0,,,,,,,,0,,,,,0,0,0,0,0,0,,,,33478,33524,33506,33450,33480,33462,33452,33450,,,33452,,,,,,33524,,,,,,1435055452,12,T-WARR5
BACDF9,,N/A,,,,,,,,,,,,,,,,,,,,,,0,,,,,,,,,,,,,0,,,,,,,,0,,,,,0,0,0,0,0,0,,,,33479,33525,33507,33451,33481,33463,33453,33451,,,33453,,,,,,33525,,,,,,1435055452,12,T-WARR5
BACDF9,,N/A,,,,,,,,,,,,,,,,,,,,,,0,,,,,,,,,,,,,0,,,,,,,,0,,,,,0,0,0,0,0,0,,,,33480,33526,33508,33452,33482,33464,33454,33452,,,33454,,,,,,33526,,,,,,1435055452,10,T-WARR5
BACDF9,,N/A,,,,,,,,,,,,,,,,,,,,,,0,,,,,,,,,,,,,0,,,,,,,,0,,,,,0,0,0,0,0,0,,,,33481,33527,33509,33453,33483,33465,33455,33453,,,33455,,,,,,33527,,,,,,1435055452,10,T-WARR5
BACDF9,,N/A,,,,,,,,,,,,,,,,,,,,,,0,,,,,,,,,,,,,0,,,,,,,,0,,,,,0,0,0,0,0,0,,,,33481,33527,33509,33453,33483,33465,33455,33453,,,33455,,,,,,33527,,,,,,1435055452,8,T-WARR5
BACDF9,,N/A,,,,,,,,,,,,,,,,,,,,,,0,,,,,,,,,,,,,0,,,,,,,,0,,,,,0,0,0,0,0,0,,,,33482,33528,33510,33454,33484,33466,33456,33454,,,33456,,,,,,33528,,,,,,1435055452,8,T-WARR5
BACDF9,,N/A,,,,,,,,,,,,,,,,,,,,,,0,,,,,,,,,,,,,0,,,,,,,,0,,,,,0,0,0,0,0,0,,,,33483,33529,33511,33455,33485,33467,33457,33455,,,33457,,,,,,33529,,,,,,1435055452,8,T-WARR5
BACDF9,,N/A,,,,,,,,,,,,,,,,,,,,,,0,,,,,,,,,,,,,0,,,,,,,,0,,,,,0,0,0,0,0,0,,,,33483,33529,33511,33455,33485,33467,33457,33455,,,33457,,,,,,33529,,,,,,1435055452,6,T-WARR5
BACDF9,,N/A,,,,,,,,,,,,,,,,,,,,,,0,,,,,,,,,,,,,0,,,,,,,,0,,,,,0,0,0,0,0,0,,,,33484,33530,33512,33456,33486,33468,33458,33456,,,33458,,,,,,33530,,,,,,1435055452,6,T-WARR5
BACDF9,,N/A,,,,,,,,,,,,,,,,,,,,,,0,,,,,,,,,,,,,0,,,,,,,,0,,,,,0,0,0,0,0,0,,,,33485,33531,33513,33457,33487,33469,33459,33457,,,33459,,,,,,33531,,,,,,1435055452,6,T-WARR5
BACDF9,,N/A,,,,,,,,,,,,,,,,,,,,,,0,,,,,,,,,,,,,0,,,,,,,,0,,,,,0,0,0,0,0,0,,,,33485,33531,33513,33457,33487,33469,33459,33457,,,33459,,,,,,33531,,,,,,1435055452,4,T-WARR5
BACDF9,,N/A,,,,,,,,,,,,,,,,,,,,,,0,,,,,,,,,,,,,0,,,,,,,,0,,,,,0,0,0,0,0,0,,,,33486,33532,33514,33458,33488,33470,33460,33458,,,33460,,,,,,33532,,,,,,1435055452,4,T-WARR5
BACDF9,,N/A,,,,,,,,,,,,,,,,,,,,,,0,,,,,,,,,,,,,0,,,,,,,,0,,,,,0,0,0,0,0,0,,,,33487,33533,33515,33459,33489,33471,33461,33459,,,33461,,,,,,33533,,,,,,1435055452,4,T-WARR5
BACDF9,,N/A,,,,,,,,,,,,,,,,,,,,,,0,,,,,,,,,,,,,0,,,,,,,,0,,,,,0,0,0,0,0,0,,,,33487,33533,33515,33459,33489,33471,33461,33459,,,33461,,,,,,33533,,,,,,1435055452,2,T-WARR5
BACDF9,,N/A,,,,,,,,,,,,,,,,,,,,,,0,,,,,,,,,,,,,0,,,,,,,,0,,,,,0,0,0,0,0,0,,,,33488,33534,33516,33460,33490,33472,33462,33460,,,33462,,,,,,33534,,,,,,1435055452,2,T-WARR5
BACDF9,,N/A,,,,,,,,,,,,,,,,,,,,,,0,,,,,,,,,,,,,0,,,,,,,,0,,,,,0,0,0,0,0,0,,,,33489,33535,33517,33461,33491,33473,33463,33461,,,33463,,,,,,33535,,,,,,1435055452,2,T-WARR5
BACDF9,,N/A,,,,,,,,,,,,,,,,,,,,,,0,,,,,,,,,,,,,0,,,,,,,,0,,,,,0,0,0,0,0,0,,,,33489,33535,33517,33461,33491,33473,33463,33461,,,33463,,,,,,33535,,,,,,1435055452,0,T-WARR5
BACDF9,,N/A,,,,,,,,,,,,,,,,,,,,,,0,,,,,,,,,,,,,0,,,,,,,,0,,,,,0,0,0,0,0,0,,,,33490,33536,33518,33462,33492,33474,33464,33462,,,33464,,,,,,33536,,,,,,1435055452,0,T-WARR5
BACDF9,,N/A,,,,,,,,,,,,,,,,,,,,,,0,,,,,,,,,,,,,0,,,,,,,,0,,,,,0,0,0,0,0,0,,,,33491,33537,33519,33463,33493,33475,33465,33463,,,33465,,,,,,33537,,,,,,1435055452,0,T-WARR5
